name,KEGG
SHIKIMATE_M-H,C00493
SHIKIMATE_M+CF3COO,C00493
SHIKIMATE_M+Cl,C00493
SHIKIMATE_M-H -H2O,C00493
SHIKIMATE_M-H + HCOOH,C00493
SHIKIMATE_M+COOH,C00493
SHIKIMATE_M-H+HCOONa,C00493
NICOTINATE_M-H,C00253
NICOTINATE_M-H + HCOOH,C00253
NICOTINATE_2M-2H+Na,C00253
NICOTINATE_M+COOH -H2O,C00253
NICOTINATE_2M-2H+K,C00253
NICOTINATE_M+COOH,C00253
NICOTINATE_3M-3H+2Na,C00253
HYPOTAURINE_3M-3H+2Na,C00519
HYPOTAURINE_M-H+HCOONa,C00519
HYPOTAURINE_2M-2H+Na,C00519
HYPOTAURINE_M-H,C00519
TRANS-ACONITATE_M-2H+Na,C02341
TRANS-ACONITATE_2M+3Na -4H,C02341
TRANS-ACONITATE_M-H,C02341
TRANS-ACONITATE_M-H + HCOOH,C02341
TRANS-ACONITATE_M-H+HCOONa,C02341
TRANS-ACONITATE_2M-2H+K,C02341
TRANS-ACONITATE_2M-2H+Na,C02341
TRANS-ACONITATE_3M-3H+2Na,C02341
TRANS-ACONITATE_M+COOH,C02341
ISOCITRATE_M-H -H2O,C00311
ISOCITRATE_M-H,C00311
ISOCITRATE_M-H+HCOONa,C00311
ISOCITRATE_2M-2H+Na,C00311
BETA-NICOTINAMIDE ADENINE DINUCLEOTIDE_M-H,C00003
BETA-NICOTINAMIDE ADENINE DINUCLEOTIDE_M-H+HCOONa,C00003
BETA-NICOTINAMIDE ADENINE DINUCLEOTIDE_M+COOH,C00003
BETA-NICOTINAMIDE ADENINE DINUCLEOTIDE_M-H + HCOOH,C00003
BETA-NICOTINAMIDE ADENINE DINUCLEOTIDE_M+e,C00003
HOMOSERINE_2M-2H+Na,C00263
HOMOSERINE_M-H+HCOONa,C00263
HOMOSERINE_M-3H+2Na,C00263
HOMOSERINE_M-H,C00263
HOMOSERINE_M-H -H2O,C00263
L-DOPA_2M-H,C00355
L-DOPA_M+Cl,C00355
L-DOPA_M-2H+Na,C00355
L-DOPA_2M-2H+Na,C00355
L-DOPA_M+CF3COO,C00355
L-DOPA_M+COOH,C00355
L-DOPA_M-H+HCOONa,C00355
L-DOPA_2M-2H+K,C00355
L-DOPA_3M-3H+2Na,C00355
L-DOPA_M-H,C00355
L-DOPA_M-H + HCOOH,C00355
dUMP_M-2H+Na,C00365
dUMP_2M-H,C00365
dUMP_2M-2H+Na,C00365
dUMP_M-H,C00365
dUMP_M-H+HCOONa,C00365
PHENYLALANINE_M+COOH,C00079
PHENYLALANINE_M-H,C00079
PHENYLALANINE_M-H + HCOOH,C00079
PHENYLALANINE_2M-2H+Na,C00079
PHENYLALANINE_M-H+HCOONa,C00079
METHIONINE_M-H + HCOOH,C00073
METHIONINE_M-H,C00073
METHIONINE_M-H+HCOONa,C00073
METHIONINE_2M-2H+Na,C00073
METHIONINE_2M-H,C00073
METHIONINE_M+e,C00073
METHIONINE_M+COOH,C00073
DEOXYADENOSINE MONOPHOSPHATE_2M-2H+K,C00360
3-METHYL-L-HISTIDINE_M-H+HCOONa,C01152
3-METHYL-L-HISTIDINE_M+Br,C01152
3-METHYL-L-HISTIDINE_M+Cl,C01152
3-METHYL-L-HISTIDINE_M-H,C01152
3-METHYL-L-HISTIDINE_M+e,C01152
TAURINE_2M-2H+Na,C00245
TAURINE_2M-H,C00245
TAURINE_3M-H,C00245
TAURINE_M+COOH -H2O,C00245
TAURINE_M-H+HCOONa,C00245
TAURINE_M-H,C00245
FOLATE_M-2H+Na,C00504
FOLATE_M-3H+Na,C00504
FOLATE_2M-H,C00504
FOLATE_2M-2H+Na,C00504
FOLATE_M-2H,C00504
FOLATE_M-H,C00504
FOLATE_M-2H+K,C00504
FOLATE_M-3H+2Na,C00504
HYPOXANTHINE_M+CF3COO,C00262
HYPOXANTHINE_M+COOH,C00262
HYPOXANTHINE_M-H+HCOONa,C00262
HYPOXANTHINE_2M-2H+Na,C00262
HYPOXANTHINE_M+Cl,C00262
HYPOXANTHINE_M-H + HCOOH,C00262
HYPOXANTHINE_M-H,C00262
QUINATE_2M-H,C00296
QUINATE_2M-2H+Na,C00296
QUINATE_3M-3H+2Na,C00296
QUINATE_M-H,C00296
QUINATE_M-H+HCOONa,C00296
QUINATE_M+CF3COO,C00296
URATE_M-H,C00366
URATE_2M-H,C00366
URATE_M-H+HCOONa,C00366
THYMIDINE_M+CF3COO,C00214
THYMIDINE_M+COOH,C00214
THYMIDINE_M-H,C00214
THYMIDINE_M-H + HCOOH,C00214
THYMIDINE_M+Cl,C00214
ASPARAGINE_2M-2H+K,C00152
ASPARAGINE_3M-3H+2Na,C00152
ASPARAGINE_M+Cl,C00152
ASPARAGINE_2M-H,C00152
ASPARAGINE_M-H -H2O,C00152
ASPARAGINE_2M-2H+Na,C00152
ASPARAGINE_M-H+HCOONa,C00152
ASPARAGINE_M-H,C00152
SUCCINATE_M-H,C00042
SUCCINATE_2M+3Na -4H,C00042
SUCCINATE_3M-3H+2Na,C00042
SUCCINATE_2M-2H+K,C00042
SUCCINATE_M-H -H2O,C00042
SUCCINATE_M-2H+Na,C00042
SUCCINATE_2M-2H+Na,C00042
SUCCINATE_M-H+HCOONa,C00042
GLUTAMATE_M-H,C00025
GLUTAMATE_M-2H+Na,C00025
GLUTAMATE_2M-2H+K,C00025
GLUTAMATE_M-H -H2O,C00025
GLUTAMATE_M-H+HCOONa,C00025
ASPARTYLGLYCOSAMINE_M+Cl,C04540
ASPARTYLGLYCOSAMINE_2M-2H+Na,C04540
ASPARTYLGLYCOSAMINE_M-H,C04540
ASPARTYLGLYCOSAMINE_M-H+HCOONa,C04540
ASPARTYLGLYCOSAMINE_M-H -H2O,C04540
ASPARTYLGLYCOSAMINE_2M-H,C04540
N-GLYCOLYLNEURAMINIC ACID_2M-H,C03410
N-GLYCOLYLNEURAMINIC ACID_M+Cl,C03410
N-GLYCOLYLNEURAMINIC ACID_2M-2H+Na,C03410
N-GLYCOLYLNEURAMINIC ACID_M-H,C03410
N-GLYCOLYLNEURAMINIC ACID_M-H+HCOONa,C03410
URACIL_M+Cl,C00106
URACIL_M-H,C00106
URACIL_M-H+HCOONa,C00106
P-HYDROXYPHENYLACETATE_M-H+HCOONa,C00642
P-HYDROXYPHENYLACETATE_2M-2H+K,C00642
P-HYDROXYPHENYLACETATE_M-H,C00642
P-HYDROXYPHENYLACETATE_2M-2H+Na,C00642
P-HYDROXYPHENYLACETATE_M+e,C00642
P-HYDROXYPHENYLACETATE_2M-H -H2,C00642
P-HYDROXYPHENYLACETATE_3M-3H+2Na,C00642
GUANOSINE_2M-H,C00387
GUANOSINE_M+COOH,C00387
GUANOSINE_M+e,C00387
GUANOSINE_2M+HCOO,C00387
GUANOSINE_M+CF3COO,C00387
GUANOSINE_M-H+HCOONa,C00387
GUANOSINE_M+Cl,C00387
GUANOSINE_M-H,C00387
GUANOSINE_2M+Cl,C00387
GUANOSINE_2M-2H+Na,C00387
GUANOSINE_3M-H,C00387
GUANOSINE_M-H + HCOOH,C00387
N-ACETYLNEURAMINATE_M+Cl,C19910
N-ACETYLNEURAMINATE_M-H -H2O,C19910
N-ACETYLNEURAMINATE_M-H+HCOONa,C19910
N-ACETYLNEURAMINATE_2M-H,C19910
N-ACETYLNEURAMINATE_3M-H,C19910
N-ACETYLNEURAMINATE_M-H,C19910
N-ACETYLNEURAMINATE_2M-2H+Na,C19910
PURINE_M+CF3COO,C15587
PURINE_M+COOH,C15587
PURINE_M-H + HCOOH,C15587
PURINE_M-H,C15587
PURINE_M-H+HCOONa,C15587
CYSTINE_M-H,C00491
CYSTINE_2M+CH3COO,C00491
DEOXYADENOSINE MONOPHOSPHATE_M+e,C00360
DEOXYADENOSINE MONOPHOSPHATE_M-H+HCOONa,C00360
DEOXYADENOSINE MONOPHOSPHATE_2M-H,C00360
DEOXYADENOSINE MONOPHOSPHATE_M-H,C00360
DEOXYADENOSINE MONOPHOSPHATE_2M-2H+Na,C00360
GLUTAMINE_M-H,C00064
GLUTAMINE_M-H+HCOONa,C00064
GLUTAMINE_M+Cl,C00064
GLUTAMINE_M-H -H2O,C00064
GLUTAMINE_2M-2H+Na,C00064
GLUTAMINE_2M-H,C00064
CITRATE_M-H+HCOONa,C00158
CITRATE_3M-3H+2Na,C00158
CITRATE_M-H,C00158
CITRATE_2M-2H+K,C00158
CITRATE_2M-2H+Na,C00158
TYROSINE_2M-2H+Na,C00082
TYROSINE_M-H,C00082
TYROSINE_M-H+HCOONa,C00082
MALATE_M-H,C00497
MALATE_2M-2H+Na,C00497
MALATE_2M-2H+K,C00497
MALATE_M-H+HCOONa,C00497
MALATE_M-H -H2O,C00497
MALATE_3M-3H+2Na,C00497
MALATE_2M-H,C00497
N-ACETYLTRYPTOPHAN_2M-H,null
N-ACETYLTRYPTOPHAN_M-H,null
N-ACETYLTRYPTOPHAN_M+COOH,null
N-ACETYLTRYPTOPHAN_M-H + HCOOH,null
N-ACETYLTRYPTOPHAN_2M-2H+Na,null
N-ACETYLTRYPTOPHAN_3M-H,null
N-ACETYLTRYPTOPHAN_M-H+HCOONa,null
N-ACETYLTRYPTOPHAN_2M-2H+K,null
N-ACETYLTRYPTOPHAN_3M-3H+2Na,null
N-ACETYLTRYPTOPHAN_M+CF3COO,null
N-ACETYLTRYPTOPHAN_M+Cl,null
INOSINE_M-H+HCOONa,C00294
INOSINE_M+CF3COO,C00294
INOSINE_2M+Cl,C00294
INOSINE_2M-2H+Na,C00294
INOSINE_2M-H,C00294
INOSINE_3M-3H+2Na,C00294
INOSINE_3M-H,C00294
INOSINE_M-H,C00294
INOSINE_M+Cl,C00294
ASPARTATE_M-H,C00049
ASPARTATE_M-2H+Na,C00049
ASPARTATE_2M-2H+Na,C00049
ASPARTATE_M-H -H2O,C00049
ASPARTATE_M-H+HCOONa,C00049
PYRIDOXINE_M-H -H2O,C00314
PYRIDOXINE_M-H + HCOOH,C00314
PYRIDOXINE_M+CF3COO,C00314
PYRIDOXINE_M-H+HCOONa,C00314
PYRIDOXINE_M+Cl,C00314
PYRIDOXINE_M-H,C00314
PYRIDOXINE_2M-H,C00314
PYRIDOXINE_M+COOH,C00314
THYMINE_M-H+HCOONa,C00178
THYMINE_M-H,C00178
SERINE_2M-2H+Na,C00065
SERINE_M-H+HCOONa,C00065
SERINE_M-H,C00065
CARNOSINE_M-H+HCOONa,C00386
CARNOSINE_M+e,C00386
CARNOSINE_M-H,C00386
CARNOSINE_2M-H,C00386
CARNOSINE_2M-2H+Na,C00386
CARNOSINE_M+Cl,C00386
CARNOSINE_M+CF3COO,C00386
URIDINE_M+CF3COO,C00299
URIDINE_M+COOH,C00299
URIDINE_M-H + HCOOH,C00299
URIDINE_M+Cl,C00299
URIDINE_M-H+HCOONa,C00299
URIDINE_M-H,C00299
CITRULLINE_2M-H,C00327
CITRULLINE_M+CF3COO,C00327
CITRULLINE_M+COOH,C00327
CITRULLINE_M+Cl,C00327
CITRULLINE_M+e,C00327
CITRULLINE_M-H,C00327
CITRULLINE_M-H+HCOONa,C00327
CITRULLINE_3M-3H+2Na,C00327
CITRULLINE_2M-2H+K,C00327
CITRULLINE_2M-2H+Na,C00327
CITRULLINE_M-H + HCOOH,C00327
DEOXYRIBOSE-5-PHOSPHATE_M-H+H2O,C00673
DEOXYRIBOSE-5-PHOSPHATE_M+COOH,C00673
DEOXYRIBOSE-5-PHOSPHATE_M+OH,C00673
DEOXYRIBOSE-5-PHOSPHATE_M-H,C00673
DEOXYRIBOSE-5-PHOSPHATE_M-H+HCOONa,C00673
DEOXYRIBOSE-5-PHOSPHATE_M-H + HCOOH,C00673
GLUCOSE_2M+HCOO-H2O,C15923
GLUCOSE_M+Cl -H2O,C15923
GLUCOSE_M-H -H2O,C15923
GLUCOSE_M-H + HCOOH,C15923
GLUCOSE_2M+COOH-H2O,C15923
GLUCOSE_M+COOH,C15923
GLUCOSE_M+Cl,C15923
GLUCOSE_M-H,C15923
DIHYDROOROTATE_2M-2H+Na,C00337
DIHYDROOROTATE_M-H,C00337
DIHYDROOROTATE_2M-2H+K,C00337
DIHYDROOROTATE_2M-H,C00337F
DIHYDROOROTATE_3M-3H+2Na,C00337
DIHYDROOROTATE_M-H+HCOONa,C00337
CYS-GLY_2M-H -H2,C01419
CYS-GLY_M-H,C01419
CYS-GLY_M-2H+Na,C01419
XANTHINE_2M-2H+Na,C00385
XANTHINE_M-H,C00385
XANTHINE_M+e,C00385
CREATINE_2M+Cl,C00300
CREATINE_M-H+HCOONa,C00300
CREATINE_M+Cl,C00300
CREATINE_3M-H,C00300
CREATINE_2M-2H+K,C00300
CREATINE_2M+HCOO,C00300
CREATINE_M-H,C00300
CREATINE_M-H -H2O,C00300
CREATINE_3M-3H+2Na,C00300
CREATINE_M+COOH,C00300
CREATINE_M-H + HCOOH,C00300
CREATINE_2M-2H+Na,C00300
CREATINE_2M-H,C00300
2-PHOSPHOGLYCERATE_M-H -H2O,null
2-PHOSPHOGLYCERATE_2M-2H+Na,null
2-PHOSPHOGLYCERATE_M-H,null
2-PHOSPHOGLYCERATE_M-2H+Na,null
2-PHOSPHOGLYCERATE_M-H+HCOONa,null
2-PHOSPHOGLYCERATE_2M-H,null
GUANIDINOACETATE_2M+HCOO,C00581
GUANIDINOACETATE_3M-H,C00581
GUANIDINOACETATE_M-H+HCOONa,C00581
GUANIDINOACETATE_2M-2H+Na,C00581
GUANIDINOACETATE_M-H,C00581
GUANIDINOACETATE_2M+Cl,C00581
GUANIDINOACETATE_M+COOH,C00581
GUANIDINOACETATE_M-H + HCOOH,C00581
GUANIDINOACETATE_2M-H,C00581
GUANIDINOACETATE_M+Cl,C00581
CYTIDINE_M-H,C00475
CYTIDINE_M-H + HCOOH,C00475
CYTIDINE_2M+HCOO,C00475
CYTIDINE_M+CF3COO,C00475
CYTIDINE_M+COOH,C00475
CYTIDINE_M+Cl,C00475
CYTIDINE_2M+Cl,C00475
CYTIDINE_M+e,C00475
THREONINE_M-H+HCOONa,C00188
THREONINE_2M-2H+Na,C00188
THREONINE_M-H,C00188
URIDINE MONOPHOSPHATE_M-2H+Na,C00105
URIDINE MONOPHOSPHATE_M-H+HCOONa,C00105
URIDINE MONOPHOSPHATE_M-H,C00105
URIDINE MONOPHOSPHATE_2M-2H+Na,C00105
URIDINE MONOPHOSPHATE_2M-H,C00105
DEOXYCYTIDINE MONOPHOSPHATE_2M-2H+Na,C00239
DEOXYCYTIDINE MONOPHOSPHATE_2M-H,C00239
DEOXYCYTIDINE MONOPHOSPHATE_M-H,C00239
DEOXYCYTIDINE MONOPHOSPHATE_3M-H,C00239
DEOXYCYTIDINE MONOPHOSPHATE_M-2H+Na,C00239
DEOXYCYTIDINE MONOPHOSPHATE_M+COOH,C00239
DEOXYCYTIDINE MONOPHOSPHATE_M-H + HCOOH,C00239
DEOXYCYTIDINE MONOPHOSPHATE_M-H+HCOONa,C00239
N-ACETYLASPARAGINE_M+Cl -H2O,null
N-ACETYLASPARAGINE_M-H+HCOONa,null
N-ACETYLASPARAGINE_M+e,null
N-ACETYLASPARAGINE_M-H,null
N-ACETYLASPARAGINE_M-H -H2O,null
N-ACETYLASPARAGINE_M+CF3COO,null
N-ACETYLASPARAGINE_3M-3H+2Na,null
N-ACETYLASPARAGINE_2M-2H+Na,null
N-ACETYLASPARAGINE_2M-H,null
CYSTATHIONINE_M+Cl,C02291
CYSTATHIONINE_M+e,C02291
CYSTATHIONINE_M-2H+Na,C02291
CYSTATHIONINE_M-H,C02291
4-ACETAMIDOBUTANOATE_M-H -H2O,C02946
4-ACETAMIDOBUTANOATE_2M-H,C02946
4-ACETAMIDOBUTANOATE_M+CF3COO,C02946
4-ACETAMIDOBUTANOATE_M-H+HCOONa,C02946
4-ACETAMIDOBUTANOATE_M+Cl,C02946
4-ACETAMIDOBUTANOATE_M-H,C02946
4-ACETAMIDOBUTANOATE_2M-2H+Na,C02946
GALACTARATE_M-H -H2O,C00879
PHOSPHOSERINE_M-H,C01005
PHOSPHOSERINE_2M-2H+Na,C01005
PHOSPHOSERINE_3M-3H+2Na,C01005
PHOSPHOSERINE_M-H+HCOONa,C01005
PHOSPHOSERINE_M-2H+Na,C01005
PHOSPHOSERINE_3M-H,C01005
PHOSPHOSERINE_2M+3Na -4H,C01005
PHOSPHOSERINE_2M-H,C01005
PHOSPHOSERINE_M-H -H2O,C01005
NORADRENALINE_M+CF3COO,C00547
NORADRENALINE_M-H -H2O,C00547
NORADRENALINE_M-H+HCOONa,C00547
NORADRENALINE_2M-H,C00547
NORADRENALINE_M+Cl,C00547
NORADRENALINE_M-H,C00547
DIAMINOPIMELATE_2M-2H+Na,C00666
DIAMINOPIMELATE_M-2H+K,C00666
DIAMINOPIMELATE_M+Cl,C00666
DIAMINOPIMELATE_2M-H,C00666
DIAMINOPIMELATE_M+e,C00666
DIAMINOPIMELATE_M-2H+Na,C00666
DIAMINOPIMELATE_M-H,C00666
PYROGLUTAMATE_M-H+HCOONa,C01879
PYROGLUTAMATE_2M-2H+Na,C01879
PYROGLUTAMATE_3M-3H+2Na,C01879
PYROGLUTAMATE_M-H,C01879
PYROGLUTAMATE_2M-2H+K,C01879
PYROGLUTAMATE_2M-H,C01879
O-SUCCINYL-HOMOSERINE_2M-2H+Na,C01118
O-SUCCINYL-HOMOSERINE_2M-H,C01118
O-SUCCINYL-HOMOSERINE_M-2H+K,C01118
O-SUCCINYL-HOMOSERINE_M+CF3COO,C01118
O-SUCCINYL-HOMOSERINE_M-2H+Na,C01118
O-SUCCINYL-HOMOSERINE_M-H,C01118
O-SUCCINYL-HOMOSERINE_M-H -H2O,C01118
O-SUCCINYL-HOMOSERINE_2M+3Na -4H,C01118
AMINOADIPATE_2M-H,C00956
AMINOADIPATE_2M-2H+K,C00956
AMINOADIPATE_M-2H+Na,C00956
AMINOADIPATE_M-H -H2O,C00956
AMINOADIPATE_M-H+HCOONa,C00956
AMINOADIPATE_M-H,C00956
AMINOADIPATE_2M+3Na -4H,C00956
AMINOADIPATE_2M-2H+Na,C00956
DEOXYGUANOSINE-MONOPHOSPHATE_2M-H,C00362
DEOXYGUANOSINE-MONOPHOSPHATE_2M-2H+Na,C00362
DEOXYGUANOSINE-MONOPHOSPHATE_M-2H+Na,C00362
DEOXYGUANOSINE-MONOPHOSPHATE_M-H,C00362
DEOXYGUANOSINE-MONOPHOSPHATE_M+COOH,C00362
DEOXYGUANOSINE-MONOPHOSPHATE_M-H + HCOOH,C00362
DOPAMINE_M+COOH,C03758
DOPAMINE_M+Cl,C03758
DOPAMINE_M-H + HCOOH,C03758
DOPAMINE_M-H,C03758
DOPAMINE_2M-H,C03758
2-KETO-3-DEOXY-6-PHOSPHOGLUCONIC ACID_2M-H,C04442
2-KETO-3-DEOXY-6-PHOSPHOGLUCONIC ACID_M-2H+Na,C04442
2-KETO-3-DEOXY-6-PHOSPHOGLUCONIC ACID_M-H -H2O,C04442
2-KETO-3-DEOXY-6-PHOSPHOGLUCONIC ACID_M-2H+K,C04442
2-KETO-3-DEOXY-6-PHOSPHOGLUCONIC ACID_2M-2H+Na,C04442
2-KETO-3-DEOXY-6-PHOSPHOGLUCONIC ACID_M-H,C04442
GLUCONATE_M+COOH -H2O,C00257
GLUCONATE_M-H,C00257
N-METHYLASPARTATE_2M-H,C12269
N-METHYLASPARTATE_M-H,C12269
N-METHYLASPARTATE_3M-3H+2Na,C12269
N-METHYLASPARTATE_M-H+HCOONa,C12269
N-METHYLASPARTATE_2M-2H+K,C12269
N-METHYLASPARTATE_2M-2H+Na,C12269
NADP_M-H,C00006
NADP_M+COOH,C00006
NADP_M-2H+Na,C00006
NADP_M-H + HCOOH,C00006
ALLANTOIN_2M-2H+Na,C01551
ALLANTOIN_M+e,C01551
ALLANTOIN_M-H+HCOONa,C01551
ALLANTOIN_M-H,C01551
ALLANTOIN_2M-H,C01551
ALLANTOIN_M+CF3COO,C01551
ALLANTOIN_M+Cl,C01551
LEUCINE_M-H,C00123
LEUCINE_M-H+HCOONa,C00123
3-HYDROXYMETHYLGLUTARATE_3M-3H+2Na,C03761
3-HYDROXYMETHYLGLUTARATE_M+CF3COO,C03761
3-HYDROXYMETHYLGLUTARATE_M-2H+Na,C03761
3-HYDROXYMETHYLGLUTARATE_M-H+HCOONa,C03761
3-HYDROXYMETHYLGLUTARATE_2M-2H+Na,C03761
3-HYDROXYMETHYLGLUTARATE_2M-H,C03761
3-HYDROXYMETHYLGLUTARATE_2M+3Na -4H,C03761
3-HYDROXYMETHYLGLUTARATE_M-H,C03761
KYNURENINE_2M-2H+Na,C00328
KYNURENINE_M-H + HCOOH,C00328
KYNURENINE_M-H,C00328
KYNURENINE_M-H+HCOONa,C00328
KYNURENINE_M+CH3COO,C00328
KYNURENINE_M+COOH,C00328
KYNURENINE_M+Cl,C00328
TRANS-4-HYDROXY-L-PROLINE_M-H,C01157
TRANS-4-HYDROXY-L-PROLINE_M+Cl,C01157
N-ACETYLASPARTATE_M-H -H2O,C01042
N-ACETYLASPARTATE_3M-3H+2Na,C01042
N-ACETYLASPARTATE_M-H,C01042
N-ACETYLASPARTATE_2M-2H+K,C01042
N-ACETYLASPARTATE_2M-2H+Na,C01042
N-ACETYLASPARTATE_2M-H,C01042
N-ACETYLASPARTATE_M-H+HCOONa,C01042
"2,5-DIHYDROBENZOIC ACID_M-H",C00628
"2,5-DIHYDROBENZOIC ACID_M+CF3COO",C00628
"2,5-DIHYDROBENZOIC ACID_M-H+HCOONa",C00628
PHOSPHONOACETATE_2M-2H+Na,C05682
PHOSPHONOACETATE_M-H,C05682
PHOSPHONOACETATE_M-H+HCOONa,C05682
PHOSPHONOACETATE_3M-H,C05682
PHOSPHONOACETATE_M-H -H2O,C05682
PHOSPHONOACETATE_2M-H,C05682
ARGININE_2M+Cl,C00062
ARGININE_M-H+HCOONa,C00062
ARGININE_M-H,C00062
ARGININE_2M-H,C00062
ARGININE_2M-2H+Na,C00062
ARGININE_M+e,C00062
ARGININE_2M+HCOO,C00062
ARGININE_M+Cl,C00062
TARTRATE_3M-3H+2Na,C02107
TARTRATE_M-H+HCOONa,C02107
TARTRATE_2M-H,C02107
TARTRATE_2M-2H+Na,C02107
TARTRATE_M-2H+Na,C02107
TARTRATE_M-H,C02107
ADENOSINE 5'-DIPHOSPHATE_M-H+HCOONa,C00008
ADENOSINE 5'-DIPHOSPHATE_M-2H+Na,C00008
ADENOSINE 5'-DIPHOSPHATE_M-H,C00008
THEOPHYLLINE_2M-H,C07130
THEOPHYLLINE_M-H+HCOONa,C07130
THEOPHYLLINE_2M-2H+Na,C07130
THEOPHYLLINE_M+e,C07130
THEOPHYLLINE_M-H,C07130
THEOPHYLLINE_2M-2H+K,C07130
AGMATINE SULFATE_M-H + HCOOH,null
AGMATINE SULFATE_M-H,null
AGMATINE SULFATE_M+COOH,null
PARAXANTHINE_2M-2H+Na,C13747
PARAXANTHINE_M-H,C13747
PARAXANTHINE_M+e,C13747
PARAXANTHINE_M-H+HCOONa,C13747
ADENOSINE-MONOPHOSPHATE_2M-2H+Na,C00020
ADENOSINE-MONOPHOSPHATE_M-H+HCOONa,C00020
ADENOSINE-MONOPHOSPHATE_2M-H,C00020
ADENOSINE-MONOPHOSPHATE_M-H,C00020
GLUCOSAMINE 6-PHOSPHATE_2M-H,C00352
GLUCOSAMINE 6-PHOSPHATE_M-H -H2O,C00352
GLUCOSAMINE 6-PHOSPHATE_2M-2H+Na,C00352
GLUCOSAMINE 6-PHOSPHATE_M-H,C00352
GLUCOSAMINE 6-PHOSPHATE_3M-3H+2Na,C00352
GLUCOSAMINE 6-PHOSPHATE_M-H+HCOONa,C00352
GLUCOSAMINE 6-PHOSPHATE_3M-H,C00352
1-METHYL-L-HISTIDINE_M-H,C01152
1-METHYL-L-HISTIDINE_2M-2H+K,C01152
D-GLUCOSAMINE-1-PHOSPHATE_2M-2H+Na,C06156
D-GLUCOSAMINE-1-PHOSPHATE_3M-3H+2Na,C06156
D-GLUCOSAMINE-1-PHOSPHATE_3M-H,C06156
D-GLUCOSAMINE-1-PHOSPHATE_2M-H,C06156
D-GLUCOSAMINE-1-PHOSPHATE_M-H+HCOONa,C06156
D-GLUCOSAMINE-1-PHOSPHATE_M+Cl,C06156
D-GLUCOSAMINE-1-PHOSPHATE_M-H,C06156
LYSINE_2M-2H+Na,C00047
LYSINE_M-H+HCOONa,C00047
LYSINE_M-H,C00047
D-GLUCURONOLACTONE_M+CF3COO,C02670
D-GLUCURONOLACTONE_M-H+HCOONa,C02670
D-GLUCURONOLACTONE_M+Cl,C02670
D-GLUCURONOLACTONE_M+COOH,C02670
D-GLUCURONOLACTONE_M-H,C02670
D-GLUCURONOLACTONE_M-H + HCOOH,C02670
D-GLUCURONOLACTONE_2M-H,C02670
BOVINOCIDIN_2M-2H+Na,C05669
BOVINOCIDIN_2M-H,C05669
BOVINOCIDIN_3M-3H+2Na,C05669
BOVINOCIDIN_M-2H+Na,C05669
BOVINOCIDIN_M-H+HCOONa,C05669
BOVINOCIDIN_2M-2H+K,C05669
BOVINOCIDIN_M-H,C05669
HOMOCYSTINE_2M-H,C01817
HOMOCYSTINE_M-2H+K,C01817
HOMOCYSTINE_M-H,C01817
HOMOCYSTINE_M+e,C01817
HOMOCYSTINE_2M-2H+Na,C01817
HOMOCYSTINE_M-2H+Na,C01817
TREHALOSE-6-PHOSPHATE_2M-2H+Na,C00689
TREHALOSE-6-PHOSPHATE_M-H,C00689
TREHALOSE-6-PHOSPHATE_2M-H,C00689
TREHALOSE-6-PHOSPHATE_M-H+HCOONa,C00689
QUINOLINATE_M-H + HCOOH,C03722
QUINOLINATE_M-2H+Na,C03722
QUINOLINATE_M-H,C03722
QUINOLINATE_3M-3H+2Na,C03722
QUINOLINATE_M+COOH,C03722
QUINOLINATE_M-H+HCOONa,C03722
QUINOLINATE_2M-2H+Na,C03722
XANTHOSINE_M+e,C01762
XANTHOSINE_M-H,C01762
XANTHOSINE_M-H+HCOONa,C01762
XANTHOSINE_2M-2H+Na,C01762
XANTHOSINE_M+CF3COO,C01762
XANTHOSINE_2M-H,C01762
XANTHOSINE_M+Cl,C01762
XANTHOSINE_3M-H,C01762
DEOXYURIDINE_M+Cl,C00526
DEOXYURIDINE_M-H+HCOONa,C00526
DEOXYURIDINE_M+CF3COO,C00526
DEOXYURIDINE_M+COOH,C00526
DEOXYURIDINE_M-H + HCOOH,C00526
DEOXYURIDINE_M-H,C00526
GLUCOSE 6-PHOSPHATE_3M-3H+2Na,C00092
GLUCOSE 6-PHOSPHATE_M-2H+Na,C00092
GLUCOSE 6-PHOSPHATE_M-H+HCOONa,C00092
GLUCOSE 6-PHOSPHATE_3M-H,C00092
GLUCOSE 6-PHOSPHATE_M-H,C00092
GLUCOSE 6-PHOSPHATE_2M-2H+Na,C00092
GLUCOSE 6-PHOSPHATE_2M-H,C00092
4-PYRIDOXATE_M-H+HCOONa,C00847
4-PYRIDOXATE_3M-3H+2Na,C00847
4-PYRIDOXATE_M-H,C00847
4-PYRIDOXATE_2M-H,C00847
4-PYRIDOXATE_2M-2H+Na,C00847
4-PYRIDOXATE_2M-2H+K,C00847
SUCCINIC ANHYDRIDE_M-H,C19524
NICOTINAMIDE HYPOXANTHINE DINUCLEOTIDE_M-2H+Na,C04423
NICOTINAMIDE HYPOXANTHINE DINUCLEOTIDE_M-H + HCOOH,C04423
NICOTINAMIDE HYPOXANTHINE DINUCLEOTIDE_M+COOH,C04423
NICOTINAMIDE HYPOXANTHINE DINUCLEOTIDE_M-H,C04423
GLUCOSAMINATE_2M-2H+Na,C03752
GLUCOSAMINATE_3M-3H+2Na,C03752
GLUCOSAMINATE_2M-H,C03752
GLUCOSAMINATE_M-H+HCOONa,C03752
GLUCOSAMINATE_M+Cl,C03752
GLUCOSAMINATE_M-H,C03752
UROCANATE_M+CF3COO,C00785
UROCANATE_M+COOH,C00785
UROCANATE_M-H,C00785
UROCANATE_M-H + HCOOH,C00785
UROCANATE_M+Cl,C00785
UROCANATE_M-H+HCOONa,C00785
GLUTARYLCARNITINE_M-H,null
GLUTARYLCARNITINE_2M-2H+Na,null
GLUTARYLCARNITINE_3M-H,null
GLUTARYLCARNITINE_2M+Cl,null
GLUTARYLCARNITINE_M+OH,null
GLUTARYLCARNITINE_2M-H,null
GLUTARYLCARNITINE_M-H+H2O,null
GLUTARYLCARNITINE_M-H+HCOONa,null
GLUTARYLCARNITINE_M+COOH,null
GLUTARYLCARNITINE_M-H + HCOOH,null
GLUTARYLCARNITINE_M+Cl,null
GALACTITOL_M-H + HCOOH,C01697
GALACTITOL_M+Br,C01697
GALACTITOL_M+COOH -H2O,C01697
GALACTITOL_M-H,C01697
GALACTITOL_M+CF3COO,C01697
GALACTITOL_M+COOH,C01697
GALACTITOL_M+Cl -H2O,C01697
GALACTITOL_M+Cl,C01697
GALACTITOL_M-H -H2O,C01697
GALACTARATE_M-H -H2O,C00879
GALACTARATE_M-H,C00879
GALACTARATE_2M-H,C00879
OXOADIPIC ACID_M+COOH,C00322
OXOADIPIC ACID_M-H+HCOONa,C00322
OXOADIPIC ACID_2M-2H+Na,C00322
OXOADIPIC ACID_M-2H+Na,C00322
OXOADIPIC ACID_M-2H+K,C00322
OXOADIPIC ACID_M-H,C00322
OXOADIPIC ACID_M-H + HCOOH,C00322
3-DEHYDROSHIKIMATE_2M-H,C02637
3-DEHYDROSHIKIMATE_2M-2H+K,C02637
3-DEHYDROSHIKIMATE_2M-2H+Na,C02637
3-DEHYDROSHIKIMATE_3M-3H+2Na,C02637
3-DEHYDROSHIKIMATE_M+COOH,C02637
3-DEHYDROSHIKIMATE_M-H,C02637
3-DEHYDROSHIKIMATE_M-H + HCOOH,C02637
3-DEHYDROSHIKIMATE_M-H+HCOONa,C02637
N-METHYLGLUTAMATE_3M-3H+2Na,C01046
N-METHYLGLUTAMATE_M-H -H2O,C01046
N-METHYLGLUTAMATE_2M-2H+Na,C01046
N-METHYLGLUTAMATE_2M-H,C01046
N-METHYLGLUTAMATE_M+CH3COO,C01046
N-METHYLGLUTAMATE_M-H,C01046
N-METHYLGLUTAMATE_2M+3Na -4H,C01046
N-METHYLGLUTAMATE_2M+CH3COO,C01046
N-METHYLGLUTAMATE_2M-2H+K,C01046
N-METHYLGLUTAMATE_M-2H+Na,C01046
N-METHYLGLUTAMATE_M-H+HCOONa,C01046
N-ACETYLGLYCINE _2M-H,null
N-ACETYLGLYCINE _3M-3H+2Na,null
N-ACETYLGLYCINE _2M-2H+Na,null
N-ACETYLGLYCINE _M-H+HCOONa,null
N-ACETYLGLYCINE _M-H,null
N-ACETYLGLYCINE _2M-2H+K,null
N-ACETYLGLYCINE _M+Cl,null
HOMOCYSTEINE_M-H,C00155
HOMOCYSTEINE_2M-2H+Na,C00155
HOMOCYSTEINE_M-H+HCOONa,C00155
TRYPTOPHAN_2M-2H+K,C00525
TRYPTOPHAN_M-2H+Na,C00525
TRYPTOPHAN_M+COOH,C00525
TRYPTOPHAN_M+Cl,C00525
TRYPTOPHAN_2M-2H+Na,C00525
TRYPTOPHAN_M-H + HCOOH,C00525
TRYPTOPHAN_2M-H,C00525
TRYPTOPHAN_M-H,C00525
TRYPTOPHAN_M-H+HCOONa,C00525
TRYPTOPHAN_3M-3H+2Na,C00525
6-PHOSPHOGLUCONATE_2M-H,C00345
6-PHOSPHOGLUCONATE_M-2H+Na,C00345
6-PHOSPHOGLUCONATE_2M-2H+Na,C00345
6-PHOSPHOGLUCONATE_M-H,C00345
DEOXYCYTIDINE_2M+HCOO,C00881
DEOXYCYTIDINE_M+COOH,C00881
DEOXYCYTIDINE_2M+Cl,C00881
DEOXYCYTIDINE_M+Cl,C00881
DEOXYCYTIDINE_M-H,C00881
DEOXYCYTIDINE_M-H + HCOOH,C00881
DEOXYCYTIDINE_M+CF3COO,C00881
DEOXYCYTIDINE_M+e,C00881
OXOPROLINE_3M-3H+2Na,C01879
OXOPROLINE_M-H,C01879
OXOPROLINE_2M-2H+K,C01879
OXOPROLINE_2M-H,C01879
OXOPROLINE_M-H+HCOONa,C01879
OXOPROLINE_2M-2H+Na,C01879
THYROTROPIN RELEASING HORMONE_M+COOH,C03958
THYROTROPIN RELEASING HORMONE_M+Cl,C03958
THYROTROPIN RELEASING HORMONE_M-H,C03958
THYROTROPIN RELEASING HORMONE_M-H + HCOOH,C03958
THYROTROPIN RELEASING HORMONE_M+CF3COO,C03958
THYROTROPIN RELEASING HORMONE_2M-H,C03958
THYROTROPIN RELEASING HORMONE_2M+HCOO,C03958
THYROTROPIN RELEASING HORMONE_M-H+HCOONa,C03958
GLUCURONATE_M-H,C00191
GLUCURONATE_3M-3H+2Na,C00191
GLUCURONATE_M-H+HCOONa,C00191
GLUCURONATE_2M-2H+Na,C00191
GLUCURONATE_M-H -H2O,C00191
GLUCURONATE_M+Cl,C00191
GLUCURONATE_2M-H,C00191
3-SULFINOALANINE_2M-2H+Na,C00606
3-SULFINOALANINE_2M-H,C00606
3-SULFINOALANINE_M-H,C00606
3-SULFINOALANINE_M-2H+Na,C00606
(2-AMINOETHYL)PHOSPHONATE_2M+CH3COO,C03557
(2-AMINOETHYL)PHOSPHONATE_M-H,C03557
(2-AMINOETHYL)PHOSPHONATE_M+Cl,C03557
CYSTEATE_2M-H,C00506
CYSTEATE_2M-2H+Na,C00506
CYSTEATE_3M-H,C00506
CYSTEATE_M-H,C00506
CYSTEATE_M-2H+Na,C00506
CYSTEATE_M-H+HCOONa,C00506
N-ACETYL-GLUCOSAMINE 1-PHOSPHATE_2M-2H+Na,C04501
N-ACETYL-GLUCOSAMINE 1-PHOSPHATE_2M-H,C04501
N-ACETYL-GLUCOSAMINE 1-PHOSPHATE_M-H -H2O,C04501
N-ACETYL-GLUCOSAMINE 1-PHOSPHATE_M-H,C04501
N-ACETYL-GLUCOSAMINE 1-PHOSPHATE_M-H+HCOONa,C04501
O-PHOSPHOSERINE_2M-2H+K,C01005
O-PHOSPHOSERINE_M-2H+Na,C01005
O-PHOSPHOSERINE_M-H,C01005
O-PHOSPHOSERINE_2M-2H+Na,C01005
O-PHOSPHOSERINE_2M-H,C01005
O-PHOSPHOSERINE_M-H -H2O,C01005
O-PHOSPHOSERINE_3M-H,C01005
FRUCTOSE 6-PHOSPHATE_M+Cl,C00085
FRUCTOSE 6-PHOSPHATE_M-H,C00085
FRUCTOSE 6-PHOSPHATE_2M-H,C00085
FRUCTOSE 6-PHOSPHATE_M-2H+Na,C00085
FRUCTOSE 6-PHOSPHATE_3M-H,C00085
FRUCTOSE 6-PHOSPHATE_2M-2H+Na,C00085
FRUCTOSE 6-PHOSPHATE_M-H -H2O,C00085
FRUCTOSE 6-PHOSPHATE_M-H+HCOONa,C00085
URIDINE DIPHOSPHATE GLUCOSE_M-2H+Na,C00029
URIDINE DIPHOSPHATE GLUCOSE_M-H,C00029
URIDINE DIPHOSPHATE-N-ACETYLGLUCOSAMINE_M-2H+Na,C00043
URIDINE DIPHOSPHATE-N-ACETYLGLUCOSAMINE_M-H,C00043
N-ACETYLMETHIONINE_2M-H,C02712
N-ACETYLMETHIONINE_M-H+HCOONa,C02712
N-ACETYLMETHIONINE_M+e,C02712
N-ACETYLMETHIONINE_3M-3H+2Na,C02712
N-ACETYLMETHIONINE_M+CF3COO,C02712
N-ACETYLMETHIONINE_2M-2H+K,C02712
N-ACETYLMETHIONINE_2M-2H+Na,C02712
N-ACETYLMETHIONINE_M+Cl,C02712
N-ACETYLMETHIONINE_M-H,C02712
ADP-GLUCOSE_M+COOH,C00498
ADP-GLUCOSE_M-H + HCOOH,C00498
ADP-GLUCOSE_M-H+H2O,C00498
ADP-GLUCOSE_M-2H+Na,C00498
ADP-GLUCOSE_M-H,C00498
ADP-GLUCOSE_M+OH,C00498
DEOXYURIDINE-MONOPHOSPHATE_M-H+HCOONa,C00365
DEOXYURIDINE-MONOPHOSPHATE_2M-2H+Na,C00365
DEOXYURIDINE-MONOPHOSPHATE_M-2H+Na,C00365
DEOXYURIDINE-MONOPHOSPHATE_M-H,C00365
DEOXYURIDINE-MONOPHOSPHATE_2M-H,C00365
DEOXYGUANOSINE_2M+Cl,C00330
DEOXYGUANOSINE_2M-H,C00330
DEOXYGUANOSINE_M+CF3COO,C00330
DEOXYGUANOSINE_M-H+HCOONa,C00330
DEOXYGUANOSINE_M+COOH,C00330
DEOXYGUANOSINE_M+Cl,C00330
DEOXYGUANOSINE_2M-2H+Na,C00330
DEOXYGUANOSINE_3M-H,C00330
DEOXYGUANOSINE_M-H,C00330
DEOXYGUANOSINE_M-H + HCOOH,C00330
DEOXYGUANOSINE_M+e,C00330
GUANOSINE DIPHOSPHATE MANNOSE_M-H,C00096
GUANOSINE DIPHOSPHATE MANNOSE_M-2H+Na,C00096
UREIDOPROPIONATE_M-H+HCOONa,C02642
UREIDOPROPIONATE_2M-H,C02642
UREIDOPROPIONATE_M+CF3COO,C02642
UREIDOPROPIONATE_2M-2H+Na,C02642
UREIDOPROPIONATE_M-H,C02642
UREIDOPROPIONATE_M+Cl,C02642
UREIDOPROPIONATE_3M-3H+2Na,C02642
PYRIDOXAL-PHOSPHATE_M-H + HCOOH,C00018
PYRIDOXAL-PHOSPHATE_M+CF3COO,C00018
PYRIDOXAL-PHOSPHATE_M-H+HCOONa,C00018
PYRIDOXAL-PHOSPHATE_M-2H+K,C00018
PYRIDOXAL-PHOSPHATE_2M-2H+Na,C00018
PYRIDOXAL-PHOSPHATE_2M-H,C00018
PYRIDOXAL-PHOSPHATE_M+COOH,C00018
PYRIDOXAL-PHOSPHATE_M-H,C00018
PYRIDOXAL-PHOSPHATE_3M-H,C00018
PYRIDOXAL-PHOSPHATE_M-2H+Na,C00018
PHOSPHOENOLPYRUVATE_M-H,C00074
PHOSPHOENOLPYRUVATE_2M-H,C00074
GLYCERATE_M-H,C00258
OROTATE_M-H+HCOONa,C00295
OROTATE_2M-2H+Na,C00295
OROTATE_2M-2H+K,C00295
OROTATE_M+e,C00295
OROTATE_2M-H,C00295
OROTATE_3M-3H+2Na,C00295
OROTATE_M-H,C00295
MANNOSE 6-PHOSPHATE_2M-2H+Na,C00275
MANNOSE 6-PHOSPHATE_M+Cl -H2O,C00275
MANNOSE 6-PHOSPHATE_M-H -H2O,C00275
MANNOSE 6-PHOSPHATE_3M-H,C00275
MANNOSE 6-PHOSPHATE_M-H,C00275
MANNOSE 6-PHOSPHATE_M-4H+3Na,C00275
MANNOSE 6-PHOSPHATE_2M-H,C00275
MANNOSE 6-PHOSPHATE_M-H+HCOONa,C00275
MANNOSE 6-PHOSPHATE_M+Cl,C00275
GLUTATHIONE REDUCED_M-H,C00051
GLUTATHIONE REDUCED_M-2H+Na,C00051
GLUTATHIONE REDUCED_M+e,C00051
GLYCERATE_2M-2H+Na,C00258
GLYCERATE_M-H,C00258
GLYCERATE_M-H+HCOONa,C00258
GLYCERATE_2M-H,C00258
URACIL 5-CARBOXYLATE_M-H,C03030
URACIL 5-CARBOXYLATE_M+CH3COO,C03030
GALACTOSE 1-PHOSPHATE_M-H,C00446
GALACTOSE 1-PHOSPHATE_M-H+HCOONa,C00446
GALACTOSE 1-PHOSPHATE_M+Br,C00446
URIDINE DIPHOSPHATE-N-ACETYLGALACTOSAMINE_M-H,C00203
URIDINE DIPHOSPHATE-N-ACETYLGALACTOSAMINE_M-2H+K,C00203
URIDINE DIPHOSPHATE-N-ACETYLGALACTOSAMINE_M-2H+Na,C00203
AICAR_M-H+HCOONa,C04677
AICAR_M-2H+Na,C04677
AICAR_2M-H,C04677
AICAR_M-H,C04677
AICAR_2M-2H+Na,C04677
DIHYDROXYACETONE PHOSPHATE_2M-H +2H2O,C00111
DIHYDROXYACETONE PHOSPHATE_3M-H,C00111
DIHYDROXYACETONE PHOSPHATE_M-H,C00111
DIHYDROXYACETONE PHOSPHATE_M-H+HCOONa,C00111
DIHYDROXYACETONE PHOSPHATE_2M-H,C00111
N-ALPHA-ACETYLLYSINE_M+Cl,C12989
N-ALPHA-ACETYLLYSINE_M-H+HCOONa,C12989
N-ALPHA-ACETYLLYSINE_2M-H,C12989
N-ALPHA-ACETYLLYSINE_M+e,C12989
N-ALPHA-ACETYLLYSINE_M+CF3COO,C12989
N-ALPHA-ACETYLLYSINE_M-H,C12989
N-ALPHA-ACETYLLYSINE_3M-3H+2Na,C12989
N-ALPHA-ACETYLLYSINE_2M-2H+Na,C12989
CYTIDINE DIPHOSPHATE_M-2H+Na,C00112
CYTIDINE DIPHOSPHATE_M-2H+K,C00112
CYTIDINE DIPHOSPHATE_M-H+HCOONa,C00112
CYTIDINE DIPHOSPHATE_M-H,C00112
CYTIDINE DIPHOSPHATE_2M-H,C00112
O-PHOSPHOETHANOLAMINE_2M-2H+Na,C00346
O-PHOSPHOETHANOLAMINE_2M-H,C00346
O-PHOSPHOETHANOLAMINE_M+Cl,C00346
O-PHOSPHOETHANOLAMINE_M-H,C00346
O-PHOSPHOETHANOLAMINE_2M-2H+K,C00346
5-AMINOLEVULINATE_M-H -H2O,C00430
5-AMINOLEVULINATE_M-H+HCOONa,C00430
5-AMINOLEVULINATE_M-H,C00430
5-AMINOLEVULINATE_2M-2H+Na,C00430
XANTHOSINE-MONOPHOSPHATE_M-H,C00655
XANTHOSINE-MONOPHOSPHATE_2M-2H+Na,C00655
XANTHOSINE-MONOPHOSPHATE_M-2H+Na,C00655
XANTHOSINE-MONOPHOSPHATE_2M-H,C00655
INDOXYL SULFATE_M+e,C08481
INDOXYL SULFATE_3M-3H+2Na,C08481
INDOXYL SULFATE_2M-H,C08481
INDOXYL SULFATE_M-H+HCOONa,C08481
INDOXYL SULFATE_2M-2H+Na,C08481
INDOXYL SULFATE_M-H,C08481
CYTIDINE MONOPHOSPHATE_M-2H+Na,C00055
CYTIDINE MONOPHOSPHATE_2M-H,C00055
CYTIDINE MONOPHOSPHATE_2M-2H+Na,C00055
CYTIDINE MONOPHOSPHATE_M-H,C00055
CYTIDINE MONOPHOSPHATE_M-H+HCOONa,C00055
N-ACETYLALANINE_M-H+HCOONa,null
N-ACETYLALANINE_3M-3H+2Na,null
N-ACETYLALANINE_2M-2H+Na,null
N-ACETYLALANINE_2M-2H+K,null
N-ACETYLALANINE_M-H,null
N-ACETYLALANINE_2M-H,null
FAD_M-H,C00016
FAD_M-2H+Na,C00016
4-GUANIDINOBUTANOATE_2M+HCOO,C01035
4-GUANIDINOBUTANOATE_M+Cl,C01035
4-GUANIDINOBUTANOATE_M-H+HCOONa,C01035
4-GUANIDINOBUTANOATE_M-H + HCOOH,C01035
4-GUANIDINOBUTANOATE_M-H -H2O,C01035
4-GUANIDINOBUTANOATE_3M-H,C01035
4-GUANIDINOBUTANOATE_M+CF3COO,C01035
4-GUANIDINOBUTANOATE_M+COOH,C01035
4-GUANIDINOBUTANOATE_2M+Cl,C01035
4-GUANIDINOBUTANOATE_2M-2H+Na,C01035
4-GUANIDINOBUTANOATE_2M-H,C01035
4-GUANIDINOBUTANOATE_M-H,C01035
S-HEXYL-GLUTATHIONE_2M-2H+Na,C02886
S-HEXYL-GLUTATHIONE_2M-H,C02886
S-HEXYL-GLUTATHIONE_M-2H+Na,C02886
S-HEXYL-GLUTATHIONE_M-2H+K,C02886
S-HEXYL-GLUTATHIONE_2M+3Na -4H,C02886
S-HEXYL-GLUTATHIONE_M-H,C02886
"ADENOSINE 2',3'-CYCLIC PHOSPHATE_2M-H",C02353
"ADENOSINE 2',3'-CYCLIC PHOSPHATE_2M-2H+Na",C02353
"ADENOSINE 2',3'-CYCLIC PHOSPHATE_M-H+HCOONa",C02353
"ADENOSINE 2',3'-CYCLIC PHOSPHATE_M+e",C02353
"ADENOSINE 2',3'-CYCLIC PHOSPHATE_M-H",C02353
3-NITRO-L-TYROSINE_M+CF3COO,null
3-NITRO-L-TYROSINE_M+Cl,null
3-NITRO-L-TYROSINE_M-H+HCOONa,null
3-NITRO-L-TYROSINE_M-2H+Na,null
3-NITRO-L-TYROSINE_M+COOH,null
3-NITRO-L-TYROSINE_M-H,null
3-NITRO-L-TYROSINE_M-H + HCOOH,null
CYCLIC GMP_M+COOH,C00942
CYCLIC GMP_2M-H,C00942
CYCLIC GMP_M-H+HCOONa,C00942
CYCLIC GMP_M-H + HCOOH,C00942
CYCLIC GMP_2M-2H+Na,C00942
CYCLIC GMP_M-2H+Na,C00942
CYCLIC GMP_M-H,C00942
GUANOSINE MONOPHOSPHATE_M-2H+K,C00144
GUANOSINE MONOPHOSPHATE_M-H+HCOONa,C00144
GUANOSINE MONOPHOSPHATE_M+COOH,C00144
GUANOSINE MONOPHOSPHATE_2M-H,C00144
GUANOSINE MONOPHOSPHATE_M-2H+Na,C00144
GUANOSINE MONOPHOSPHATE_M-H,C00144
GUANOSINE MONOPHOSPHATE_M-H + HCOOH,C00144
GUANOSINE MONOPHOSPHATE_2M-2H+Na,C00144
PHOSPHORIBOSYL PYROPHOSPHATE_M-H,C00119
ADENINE_M+Cl,C00147
ADENINE_2M+Cl,C00147
ADENINE_M+COOH,C00147
ADENINE_M+CF3COO,C00147
ADENINE_M-H,C00147
ADENINE_M-H + HCOOH,C00147
"ADENOSINE 3',5'-DIPHOSPHATE_M-2H+Na",C00054
"ADENOSINE 3',5'-DIPHOSPHATE_M-H",C00054
S-ADENOSYLHOMOCYSTEINE_2M-2H+Na,C00021
S-ADENOSYLHOMOCYSTEINE_M-H+HCOONa,C00021
S-ADENOSYLHOMOCYSTEINE_2M-H,C00021
S-ADENOSYLHOMOCYSTEINE_M+CF3COO,C00021
S-ADENOSYLHOMOCYSTEINE_M+Cl,C00021
S-ADENOSYLHOMOCYSTEINE_M-2H+Na,C00021
S-ADENOSYLHOMOCYSTEINE_M-H,C00021
O-ACETYLSERINE_M+CH3COO,C00979
O-ACETYLSERINE_M-H,C00979
O-ACETYLSERINE_M-H+HCOONa,C00979
"CYTIDINE 2',3'-CYCLIC PHOSPHATE_M+COOH",C02354
"CYTIDINE 2',3'-CYCLIC PHOSPHATE_M-H",C02354
"CYTIDINE 2',3'-CYCLIC PHOSPHATE_M-2H+Na",C02354
"CYTIDINE 2',3'-CYCLIC PHOSPHATE_M-H + HCOOH",C02354
"CYTIDINE 2',3'-CYCLIC PHOSPHATE_2M-2H+Na",C02354
"CYTIDINE 2',3'-CYCLIC PHOSPHATE_2M-H",C02354
"CYTIDINE 2',3'-CYCLIC PHOSPHATE_M-H+HCOONa",C02354
URIDINE DIPHOSPHATEGALACTOSE_M-2H+Na,C00052
URIDINE DIPHOSPHATEGALACTOSE_M-H,C00052
PYRIDOXAMINE_M+Cl,C00534
PYRIDOXAMINE_M-H,C00534
"N,N-DIMETHYLARGININE_2M-2H+Na",C03626
"N,N-DIMETHYLARGININE_2M-H",C03626
"N,N-DIMETHYLARGININE_M+e",C03626
"N,N-DIMETHYLARGININE_M-H+HCOONa",C03626
"N,N-DIMETHYLARGININE_M-H",C03626
"N,N-DIMETHYLARGININE_M+Cl",C03626
HISTIDINOL_M+Cl,C00860
HISTIDINOL_M+COOH,C00860
HISTIDINOL_M-H,C00860
HISTIDINOL_M-H + HCOOH,C00860
UREIDOPROPIONATE_3M-3H+2Na,C02642
UREIDOPROPIONATE_2M-H,C02642
UREIDOPROPIONATE_M-H,C02642
UREIDOPROPIONATE_2M-2H+Na,C02642
UREIDOPROPIONATE_M+CF3COO,C02642
UREIDOPROPIONATE_2M-2H+K,C02642
UREIDOPROPIONATE_M-H+HCOONa,C02642
UREIDOPROPIONATE_M+Cl,C02642
CITRAMALATE_2M+3Na -4H,C00815
CITRAMALATE_3M-3H+2Na,C00815
CITRAMALATE_M-H,C00815
CITRAMALATE_M-H -H2O,C00815
CITRAMALATE_M-H+HCOONa,C00815
CITRAMALATE_2M-2H+Na,C00815
DEOXYCYTIDINE-DIPHOSPHATE_M-2H+Na,C00705
DEOXYCYTIDINE-DIPHOSPHATE_M-H,C00705
DEOXYCYTIDINE-DIPHOSPHATE_M-H+HCOONa,C00705
EPINEPHRINE_M-H,C00788
EPINEPHRINE_M-H -H2O,C00788
EPINEPHRINE_2M-H,C00788
EPINEPHRINE_M-H+HCOONa,C00788
EPINEPHRINE_M+CF3COO,C00788
EPINEPHRINE_M-H + HCOOH,C00788
EPINEPHRINE_M+COOH,C00788
EPINEPHRINE_M+Cl,C00788
GLYCEROL 3-PHOSPHATE_2M-H,C00093
GLYCEROL 3-PHOSPHATE_M+COOH -H2O,C00093
GLYCEROL 3-PHOSPHATE_M-H+HCOONa,C00093
GLYCEROL 3-PHOSPHATE_M-H,C00093
GLYCEROL 3-PHOSPHATE_2M+CH3COO,C00093
GLYCEROL 3-PHOSPHATE_2M-2H+Na,C00093
GLYCEROL 3-PHOSPHATE_3M-H,C00093
5-HYDROXYTRYPTOPHAN_M-H+HCOONa,C00643
5-HYDROXYTRYPTOPHAN_M-H+H2O,C00643
5-HYDROXYTRYPTOPHAN_2M-2H+Na,C00643
5-HYDROXYTRYPTOPHAN_2M-2H+K,C00643
5-HYDROXYTRYPTOPHAN_M+COOH,C00643
5-HYDROXYTRYPTOPHAN_M-H + HCOOH,C00643
5-HYDROXYTRYPTOPHAN_2M-H,C00643
5-HYDROXYTRYPTOPHAN_M-2H+Na,C00643
5-HYDROXYTRYPTOPHAN_M-H,C00643
5-HYDROXYTRYPTOPHAN_3M-3H+2Na,C00643
5-HYDROXYTRYPTOPHAN_M+OH,C00643
5-HYDROXYTRYPTOPHAN_M+Cl,C00643
3-METHOXYTYROSINE_2M-2H+Na,null
3-METHOXYTYROSINE_M+COOH,null
3-METHOXYTYROSINE_M-H,null
3-METHOXYTYROSINE_2M-H,null
3-METHOXYTYROSINE_M-H + HCOOH,null
3-METHOXYTYROSINE_M+Cl,null
3-METHOXYTYROSINE_2M-2H+K,null
3-METHOXYTYROSINE_M-H+HCOONa,null
N1-ACETYLSPERMINE_M+Cl,C02567
OPHTHALMATE_M-H -H2O,null
OPHTHALMATE_2M-H,null
OPHTHALMATE_M-2H+Na,null
OPHTHALMATE_2M-2H+Na,null
OPHTHALMATE_M-H,null
OPHTHALMATE_M-2H+K,null
ADENOSINE DIPHOSPHATE RIBOSE_M-2H+Na,C00301
ADENOSINE DIPHOSPHATE RIBOSE_M-H,C00301
N-FORMYL-L-METHIONINE_M-H+HCOONa,C03145
N-FORMYL-L-METHIONINE_M+CF3COO,C03145
N-FORMYL-L-METHIONINE_2M-2H+Na,C03145
N-FORMYL-L-METHIONINE_M+e,C03145
N-FORMYL-L-METHIONINE_2M-2H+K,C03145
N-FORMYL-L-METHIONINE_3M-3H+2Na,C03145
N-FORMYL-L-METHIONINE_2M-H,C03145
N-FORMYL-L-METHIONINE_M-H,C03145
GALACTURONATE_M-H,C08348
GALACTURONATE_M+OH,C08348
GALACTURONATE_2M-H,C08348
GALACTURONATE_M+Cl,C08348
GALACTURONATE_M-H -H2O,C08348
GALACTURONATE_M-H+HCOONa,C08348
GALACTURONATE_M-H+H2O,C08348
CYCLIC AMP_2M-H,C00575
CYCLIC AMP_M-H,C00575
CYCLIC AMP_3M-H,C00575
CYCLIC AMP_M-H+HCOONa,C00575
CYCLIC AMP_2M-2H+Na,C00575
SACCHARATE_2M-H,C00818
SACCHARATE_2M-2H+Na,C00818
SACCHARATE_M-H -H2O,C00818
SACCHARATE_M-H,C00818
SACCHARATE_M-2H+Na,C00818
SACCHARATE_2M+Cl -H2O,C00818
SACCHARATE_2M-H +2H2O,C00818
SACCHARATE_M-3H+2Na,C00818
"4,6-DIHYDROXYQUINOLINE_M+Cl",C05639
"4,6-DIHYDROXYQUINOLINE_2M+Cl",C05639
"4,6-DIHYDROXYQUINOLINE_M-H",C05639
S-CARBOXYMETHYLCYSTEINE_M+e,C03727
S-CARBOXYMETHYLCYSTEINE_M-2H+Na,C03727
S-CARBOXYMETHYLCYSTEINE_2M-2H+Na,C03727
S-CARBOXYMETHYLCYSTEINE_M-H,C03727
S-CARBOXYMETHYLCYSTEINE_M-H+OH,C03727
S-CARBOXYMETHYLCYSTEINE_2M-2H+K,C03727
S-CARBOXYMETHYLCYSTEINE_2M+3Na -4H,C03727
S-CARBOXYMETHYLCYSTEINE_3M-3H+2Na,C03727
S-CARBOXYMETHYLCYSTEINE_M-H+HCOONa,C03727
S-CARBOXYMETHYLCYSTEINE_2M-H,C03727
MESOXALATE_2M-2H+Na,C00830
MESOXALATE_2M-H,C00830
MESOXALATE_2M+3Na -4H,C00830
MESOXALATE_M-2H+Na,C00830
MESOXALATE_M+OH,C00830
MESOXALATE_M-H,C00830
MESOXALATE_2M-H +2H2O,C00830
MESOXALATE_M-H+HCOONa,C00830
MESOXALATE_M-H+H2O,C00830
4-IMIDAZOLEACETATE_2M-H,C02835
4-IMIDAZOLEACETATE_M+Cl,C02835
4-IMIDAZOLEACETATE_3M-3H+2Na,C02835
4-IMIDAZOLEACETATE_2M-2H+K,C02835
4-IMIDAZOLEACETATE_M+CF3COO,C02835
4-IMIDAZOLEACETATE_M-H,C02835
4-IMIDAZOLEACETATE_2M-2H+Na,C02835
4-IMIDAZOLEACETATE_M-H+HCOONa,C02835
5-HYDROXYLYSINE_M+e,C16741
5-HYDROXYLYSINE_M-H,C16741
5-HYDROXYLYSINE_2M-2H+K,C16741
5-HYDROXYLYSINE_M-H+HCOONa,C16741
5-HYDROXYLYSINE_M+Cl,C16741
5-HYDROXYLYSINE_3M-3H+2Na,C16741
5-HYDROXYLYSINE_2M-H,C16741
5-HYDROXYLYSINE_2M-2H+Na,C16741
RHAMNOSE_M-H,C00507
RHAMNOSE_M-H + HCOOH,C00507
RHAMNOSE_M+Cl,C00507
RHAMNOSE_M+COOH,C00507
RHAMNOSE_M-3H+2K,C00507
METHIONINE SULFOXIMINE_2M-2H+Na,C03510
METHIONINE SULFOXIMINE_M+Cl,C03510
METHIONINE SULFOXIMINE_M+e,C03510
METHIONINE SULFOXIMINE_M-H,C03510
ALLOTHREONINE_M-H+HCOONa,C05519
ALLOTHREONINE_2M-2H+Na,C05519
ALLOTHREONINE_M-H,C05519
MESO-TARTRATE_3M-3H+2Na,C00552
MESO-TARTRATE_M-H,C00552
MESO-TARTRATE_2M-H,C00552
MESO-TARTRATE_M-H -H2O,C00552
MESO-TARTRATE_2M-2H+Na,C00552
MESO-TARTRATE_M-2H+Na,C00552
MESO-TARTRATE_M-H+HCOONa,C00552
THIAMINE PYROPHOSPHATE_M-H+H2O,C00068
THIAMINE PYROPHOSPHATE_M-H,C00068
THIAMINE PYROPHOSPHATE_M-H+HCOONa,C00068
THIAMINE PYROPHOSPHATE_M+OH,C00068
THIAMINE PYROPHOSPHATE_M-H + HCOOH,C00068
5-METHYLCYTIDINE_2M+HCOO,null
5-METHYLCYTIDINE_M-H + HCOOH,null
5-METHYLCYTIDINE_M+CF3COO,null
5-METHYLCYTIDINE_M+e,null
5-METHYLCYTIDINE_M+COOH,null
5-METHYLCYTIDINE_M-H,null
5-METHYLCYTIDINE_M+Cl,null
N1-ACETYLSPERMINE_M-H+HCOONa,C02567
HYDROXYKYNURENINE_M+Cl,C02794
HYDROXYKYNURENINE_M-H,C02794
HYDROXYKYNURENINE_2M-2H+Na,C02794
HYDROXYKYNURENINE_M-H+HCOONa,C02794
HYDROXYKYNURENINE_M+COOH,C02794
HYDROXYKYNURENINE_M-2H+Na,C02794
HYDROXYKYNURENINE_2M-H,C02794
HYDROXYKYNURENINE_M-H + HCOOH,C02794
HYDROXYKYNURENINE_M-H -H2O,C02794
GUANIDINOSUCCINATE_M-2H+Na,C03139
GUANIDINOSUCCINATE_M+e,C03139
GUANIDINOSUCCINATE_M-H,C03139
GUANIDINOSUCCINATE_M-H -H2O,C03139
GUANIDINOSUCCINATE_M-H+HCOONa,C03139
GUANIDINOSUCCINATE_M+CF3COO,C03139
PHOSPHOCREATINE_M-H,C02305
PHOSPHOCREATINE_M-2H+Na,C02305
HISTIDINE_M+e,C00135
HISTIDINE_M-H,C00135
"2,4-DIHYDROXYPTERIDINE_M-H",C03212
"2,4-DIHYDROXYPTERIDINE_2M-2H+Na",C03212
"2,4-DIHYDROXYPTERIDINE_M-H+HCOONa",C03212
6-HYDROXYNICOTINATE_2M-2H+Na,C01020
6-HYDROXYNICOTINATE_M+COOH,C01020
6-HYDROXYNICOTINATE_M-H + HCOOH,C01020
6-HYDROXYNICOTINATE_M-H+HCOONa,C01020
6-HYDROXYNICOTINATE_2M-H,C01020
6-HYDROXYNICOTINATE_M-H,C01020
PANTOTHENATE_M-H,C00864
PANTOTHENATE_2M-2H+Na,C00864
PANTOTHENATE_2M-H,C00864
PANTOTHENATE_3M-3H+2Na,C00864
PANTOTHENATE_M-H+HCOONa,C00864
PANTOTHENATE_M+Cl,C00864
PANTOTHENATE_M+CF3COO,C00864
INOSINE-MONOPHOSPHATE_2M-2H+Na,C00130
INOSINE-MONOPHOSPHATE_M-2H+K,C00130
INOSINE-MONOPHOSPHATE_M-2H+Na,C00130
INOSINE-MONOPHOSPHATE_2M-H,C00130
INOSINE-MONOPHOSPHATE_M-H,C00130
INOSINE-MONOPHOSPHATE_M-H+HCOONa,C00130
D-RIBOSE 5-PHOSPHATE_M-H,C00117
D-RIBOSE 5-PHOSPHATE_2M-2H,C00117
D-RIBOSE 5-PHOSPHATE_M-H+HCOONa,C00117
D-RIBOSE 5-PHOSPHATE_M-H -H2O,C00117
D-RIBOSE 5-PHOSPHATE_M-H+H2O,C00117
D-RIBOSE 5-PHOSPHATE_2M-H,C00117
D-RIBOSE 5-PHOSPHATE_M+OH,C00117
D-RIBOSE 5-PHOSPHATE_2M-2H+Na,C00117
D-RIBOSE 5-PHOSPHATE_3M-H,C00117
"3,4-DIHYDROXYPHENYLGLYCOL_M+Cl",C05576
"3,4-DIHYDROXYPHENYLGLYCOL_2M-H",C05576
"3,4-DIHYDROXYPHENYLGLYCOL_M+COOH",C05576
"3,4-DIHYDROXYPHENYLGLYCOL_M-H",C05576
"3,4-DIHYDROXYPHENYLGLYCOL_M-H + HCOOH",C05576
"3,4-DIHYDROXYPHENYLGLYCOL_M-H+HCOONa",C05576
"3,4-DIHYDROXYPHENYLGLYCOL_M+CF3COO",C05576
"3,4-DIHYDROXYPHENYLGLYCOL_M-H -H2O",C05576
2-HYDROXYBUTYRATE_2M-2H,C05984
2-HYDROXYBUTYRATE_2M-2H+K,C05984
2-HYDROXYBUTYRATE_3M-3H+2Na,C05984
2-HYDROXYBUTYRATE_M-H,C05984
2-HYDROXYBUTYRATE_2M-2H+Na,C05984
2-HYDROXYBUTYRATE_M-H+HCOONa,C05984
GLUCOSAMINE 6-SULFATE_2M-H,C04132
GLUCOSAMINE 6-SULFATE_M-H+HCOONa,C04132
GLUCOSAMINE 6-SULFATE_2M-2H+Na,C04132
GLUCOSAMINE 6-SULFATE_3M-H,C04132
GLUCOSAMINE 6-SULFATE_M-H,C04132
MALEAMATE_M-H+HCOONa,C01596
MALEAMATE_2M-2H+Na,C01596
MALEAMATE_M-H,C01596
N-ACETYLGLUTAMATE_2M-H,C00624
N-ACETYLGLUTAMATE_3M-3H+2Na,C00624
N-ACETYLGLUTAMATE_M-2H+Na,C00624
N-ACETYLGLUTAMATE_2M-2H+Na,C00624
N-ACETYLGLUTAMATE_M-H -H2O,C00624
N-ACETYLGLUTAMATE_2M-2H+K,C00624
N-ACETYLGLUTAMATE_M-H+HCOONa,C00624
N-ACETYLGLUTAMATE_M-H,C00624
OXALATE_M-H,C00209
OXALATE_M+CH3COO,C00209
ANSERINE_M+CF3COO,C01262
ANSERINE_2M-2H+Na,C01262
ANSERINE_M-H,C01262
ANSERINE_M+Cl,C01262
ANSERINE_2M-H,C01262
ANSERINE_M+e,C01262
ANSERINE_M-H+HCOONa,C01262
ANILINE-2-SULFONATE_M+e,C06333
ANILINE-2-SULFONATE_2M-2H+Na,C06333
ANILINE-2-SULFONATE_M-H,C06333
ANILINE-2-SULFONATE_M-H+HCOONa,C06333
CIS-4-HYDROXY-D-PROLINE_M-H,C03440
CIS-4-HYDROXY-D-PROLINE_M+Cl,C03440
CIS-4-HYDROXY-D-PROLINE_M-H+HCOONa,C03440
N-ACETYLGALACTOSAMINE_M-H + HCOOH,C01074
N-ACETYLGALACTOSAMINE_M+Cl,C01074
N-ACETYLGALACTOSAMINE_M-H,C01074
N-ACETYLGALACTOSAMINE_M-H -H2O,C01074
N-ACETYLGALACTOSAMINE_M+COOH,C01074
N-ACETYLGALACTOSAMINE_M+CF3COO,C01074
4-HYDROXY-L-PHENYLGLYCINE_2M-2H+Na,C12323
4-HYDROXY-L-PHENYLGLYCINE_M-H,C12323
4-HYDROXY-L-PHENYLGLYCINE_M-H+HCOONa,C12323
4-HYDROXY-L-PHENYLGLYCINE_M-H + HCOOH,C12323
4-HYDROXY-L-PHENYLGLYCINE_2M-2H+K,C12323
4-HYDROXY-L-PHENYLGLYCINE_2M-H,C12323
4-HYDROXY-L-PHENYLGLYCINE_M+COOH,C12323
4-HYDROXY-L-PHENYLGLYCINE_M+Cl,C12323
4-HYDROXY-L-PHENYLGLYCINE_3M-3H+2Na,C12323
N-ACETYLSERINE_2M-2H+Na,null
N-ACETYLSERINE_2M-H,null
N-ACETYLSERINE_M-H+HCOONa,null
N-ACETYLSERINE_2M-2H+K,null
N-ACETYLSERINE_3M-3H+2Na,null
N-ACETYLSERINE_M-H,null
N-ACETYLSERINE_M+CF3COO,null
N-FORMYLGLYCINE_M-H,null
N-FORMYLGLYCINE_M-H+HCOONa,null
N-FORMYLGLYCINE_2M-2H+Na,null
"2,3-DIHYDROXYBENZOATE_2M-2H+K",C00196
"2,3-DIHYDROXYBENZOATE_2M-2H+Na",C00196
"2,3-DIHYDROXYBENZOATE_M-H+HCOONa",C00196
"2,3-DIHYDROXYBENZOATE_3M-3H+2Na",C00196
"2,3-DIHYDROXYBENZOATE_M-H",C00196
2-METHYLCITRATE_M-H+HCOONa,null
2-METHYLCITRATE_M-H -H2O,null
2-METHYLCITRATE_M-H,null
2-METHYLCITRATE_2M-2H+Na,null
2-METHYLCITRATE_M-2H+Na,null
KYNURENATE_M-H,C01717
KYNURENATE_2M-2H+Na,C01717
KYNURENATE_M-H+HCOONa,C01717
METHYGLUTARATE_2M-2H+K,null
METHYGLUTARATE_2M-2H+Na,null
METHYGLUTARATE_M-2H+Na,null
METHYGLUTARATE_M-H,null
METHYGLUTARATE_M-H -H2O,null
METHYGLUTARATE_M-H+HCOONa,null
METHYGLUTARATE_2M+3Na -4H,null
METHYGLUTARATE_3M-3H+2Na,null
GLUTARATE_2M+3Na -4H,C00489
GLUTARATE_2M-2H+Na,C00489
GLUTARATE_M-H -H2O,C00489
GLUTARATE_M-2H+Na,C00489
GLUTARATE_M-H+HCOONa,C00489
GLUTARATE_M-H,C00489
MELATONIN_M-H,C01598
MELATONIN_2M-H -H2,C01598
MELATONIN_M+COOH,C01598
MELATONIN_M-H + HCOOH,C01598
"3,4-DIHYDROXYBENZOATE_M+CF3COO",C00230
"3,4-DIHYDROXYBENZOATE_M+Cl",C00230
"3,4-DIHYDROXYBENZOATE_M-H+HCOONa",C00230
"3,4-DIHYDROXYBENZOATE_M-H",C00230
"3,4-DIHYDROXYBENZOATE_2M-H",C00230
GLYCOCHOLATE_2M-2H+Na,C01921
GLYCOCHOLATE_M-H,C01921
GLYCOCHOLATE_M-H+HCOONa,C01921
GLYCOCHOLATE_M+Cl,C01921
GLYCOCHOLATE_2M-H,C01921
3-(4-HYDROXYPHENYL)PYRUVATE_M-H,C01179
3-(4-HYDROXYPHENYL)PYRUVATE_M-H+HCOONa,C01179
3-(4-HYDROXYPHENYL)PYRUVATE_M+OH,C01179
3-(4-HYDROXYPHENYL)PYRUVATE_M-H+H2O,C01179
3-(4-HYDROXYPHENYL)PYRUVATE_2M-2H+Na,C01179
N-ACETYLPHENYLALANINE_M-H,C03519
N-ACETYLPHENYLALANINE_2M-2H+K,C03519
N-ACETYLPHENYLALANINE_M-H+HCOONa,C03519
N-ACETYLPHENYLALANINE_2M-H,C03519
N-ACETYLPHENYLALANINE_M+CF3COO,C03519
N-ACETYLPHENYLALANINE_M+Cl,C03519
N-ACETYLPHENYLALANINE_3M-3H+2Na,C03519
N-ACETYLPHENYLALANINE_2M-2H+Na,C03519
GLUCOSE 1-PHOSPHATE_2M+Cl -H2O,C00103
GLUCOSE 1-PHOSPHATE_M-H,C00103
GLUCOSE 1-PHOSPHATE_2M-H,C00103
GLUCOSE 1-PHOSPHATE_M-H+HCOONa,C00103
L-TRYPTOPHANAMIDE_M-H,C00977
3-HYDROXYBENZALDEHYDE_M-H,C03067
3-HYDROXYBENZALDEHYDE_M+COOH -H2O,C03067
HIPPURATE_2M-H,C01586
HIPPURATE_3M-3H+2Na,C01586
HIPPURATE_M+Cl,C01586
HIPPURATE_M-H+HCOONa,C01586
HIPPURATE_M-H,C01586
HIPPURATE_2M-2H+K,C01586
HIPPURATE_2M-2H+Na,C01586
GLYCOCHENODEOXYCHOLATE_2M-2H+Na,C05466
GLYCOCHENODEOXYCHOLATE_M-H,C05466
GLYCOCHENODEOXYCHOLATE_M+CF3COO,C05466
GLYCOCHENODEOXYCHOLATE_M-H+HCOONa,C05466
GLYCOCHENODEOXYCHOLATE_2M-H,C05466
GLYCOCHENODEOXYCHOLATE_M+Cl,C05466
MALEATE_M+COOH,C01384
MALEATE_M-H,C01384
MALEATE_2M-2H+Na,C01384
MALEATE_3M-3H+2Na,C01384
MALEATE_M-H + HCOOH,C01384
MALEATE_M-H+HCOONa,C01384
3-(2-HYDROXYPHENYL)PROPANOATE_2M-2H+K,C01198
3-(2-HYDROXYPHENYL)PROPANOATE_2M-2H+Na,C01198
3-(2-HYDROXYPHENYL)PROPANOATE_2M-H,C01198
3-(2-HYDROXYPHENYL)PROPANOATE_M-H,C01198
3-(2-HYDROXYPHENYL)PROPANOATE_3M-3H+2Na,C01198
3-(2-HYDROXYPHENYL)PROPANOATE_M-H -H2O,C01198
3-(2-HYDROXYPHENYL)PROPANOATE_M-H+HCOONa,C01198
4-HYDROXYBENZOATE_M+Cl,C00156
4-HYDROXYBENZOATE_2M-2H+Na,C00156
4-HYDROXYBENZOATE_M+COOH -H2O,C00156
4-HYDROXYBENZOATE_2M-H,C00156
4-HYDROXYBENZOATE_M-H,C00156
4-HYDROXYBENZOATE_M-H+HCOONa,C00156
3-AMINO-5-HYDROXYBENZOATE_M-H + HCOOH,C12107
3-AMINO-5-HYDROXYBENZOATE_2M-H,C12107
3-AMINO-5-HYDROXYBENZOATE_M+COOH,C12107
3-AMINO-5-HYDROXYBENZOATE_M-H,C12107
3-AMINO-5-HYDROXYBENZOATE_M-H+HCOONa,C12107
ETHYLMALONATE_2M+3Na -4H,null
ETHYLMALONATE_M-H+HCOONa,null
ETHYLMALONATE_M-H,null
ETHYLMALONATE_3M-3H+2Na,null
ETHYLMALONATE_2M-H,null
ETHYLMALONATE_2M-2H+Na,null
3-AMINO-4-HYDROXYBENZOATE_M+Cl,C12115
3-AMINO-4-HYDROXYBENZOATE_M-H,C12115
3-AMINO-4-HYDROXYBENZOATE_M-H+HCOONa,C12115
BENZOATE_2M-2H+Na,C00180
BENZOATE_M-H,C00180
BENZOATE_M-H+HCOONa,C00180
3-CRESOTINIC ACID_M-H+HCOONa,C14088
3-CRESOTINIC ACID_3M-3H+2Na,C14088
3-CRESOTINIC ACID_2M-2H+Na,C14088
3-CRESOTINIC ACID_2M-2H+K,C14088
3-CRESOTINIC ACID_M-H,C14088
DIHYDROBIOPTERIN_M-H + HCOOH,C02953
DIHYDROBIOPTERIN_M-H+HCOONa,C02953
DIHYDROBIOPTERIN_2M-H,C02953
DIHYDROBIOPTERIN_M+e,C02953
DIHYDROBIOPTERIN_M+COOH,C02953
DIHYDROBIOPTERIN_M-H,C02953
DIHYDROBIOPTERIN_2M-2H+Na,C02953
DIHYDROBIOPTERIN_M+Cl,C02953
3-HYDROXYANTHRANILATE_M-H,C00632
3-HYDROXYANTHRANILATE_2M-H,C00632
3-HYDROXYANTHRANILATE_M+Cl,C00632
3-HYDROXYANTHRANILATE_2M-2H+Na,C00632
3-HYDROXYANTHRANILATE_M-H+HCOONa,C00632
XANTHURENATE_3M-3H+2Na,C02470
XANTHURENATE_M-H+HCOONa,C02470
XANTHURENATE_2M-H,C02470
XANTHURENATE_2M-2H+Na,C02470
XANTHURENATE_M-H,C02470
N6-(DELTA2-ISOPENTENYL)-ADENINE_M+CF3COO,C04083
N6-(DELTA2-ISOPENTENYL)-ADENINE_M+e,C04083
N6-(DELTA2-ISOPENTENYL)-ADENINE_M-H,C04083
N6-(DELTA2-ISOPENTENYL)-ADENINE_M+Cl,C04083
FUMARATE_3M-3H+2Na,C00122
FUMARATE_M-H+HCOONa,C00122
FUMARATE_2M-2H+K,C00122
FUMARATE_2M-2H+Na,C00122
FUMARATE_2M-H,C00122
FUMARATE_M-H,C00122
FUMARATE_M+COOH,C00122
FUMARATE_M-2H+Na,C00122
FUMARATE_M-H + HCOOH,C00122
10-HYDROXYDECANOATE_M-H+HCOONa,C02774
10-HYDROXYDECANOATE_M-H,C02774
10-HYDROXYDECANOATE_M+Cl,C02774
10-HYDROXYDECANOATE_M-H + HCOOH,C02774
10-HYDROXYDECANOATE_2M-2H+Na,C02774
10-HYDROXYDECANOATE_M+COOH,C02774
MANDELATE_M-H+HCOONa,C01984
MANDELATE_3M-3H+2Na,C01984
MANDELATE_2M-2H+K,C01984
MANDELATE_2M-2H+Na,C01984
MANDELATE_M-H,C01984
MANDELATE_2M-H,C01984
THIOPURINE S-METHYLETHER_M-H+HCOONa,C16614
THIOPURINE S-METHYLETHER_M+e,C16614
THIOPURINE S-METHYLETHER_M-H,C16614
2-HYDROXY-4-(METHYLTHIO)BUTANOATE_M-H+HCOONa,null
2-HYDROXY-4-(METHYLTHIO)BUTANOATE_M-H,null
2-HYDROXY-4-(METHYLTHIO)BUTANOATE_2M-2H+Na,null
2-HYDROXY-4-(METHYLTHIO)BUTANOATE_2M-H,null
2-HYDROXY-4-(METHYLTHIO)BUTANOATE_M+e,null
2-HYDROXY-4-(METHYLTHIO)BUTANOATE_2M-2H+K,null
2-HYDROXY-4-(METHYLTHIO)BUTANOATE_3M-3H+2Na,null
2-HYDROXY-4-(METHYLTHIO)BUTANOATE_M-2H+Na,null
INDOLE-3-ACETATE_M-H+HCOONa,C00954
INDOLE-3-ACETATE_M-H,C00954
CAFFEATE_M-H+HCOONa,C01481
CAFFEATE_2M-H,C01481
CAFFEATE_M-H,C01481
CAFFEATE_M+CF3COO,C01481
PREGNENOLONE SULFATE_M-H+HCOONa,C18044
PREGNENOLONE SULFATE_M-H,C18044
PREGNENOLONE SULFATE_2M-2H+Na,C18044
PREGNENOLONE SULFATE_2M-H,C18044
5-VALEROLACTONE_M-H,C02240
5-VALEROLACTONE_M+OH,C02240
5-VALEROLACTONE_M-H+H2O,C02240
"3,4 DIHYDROXYMANDELATE_2M-H +2H2O",C05580
"3,4 DIHYDROXYMANDELATE_M+CF3COO",C05580
"3,4 DIHYDROXYMANDELATE_M-H -H2O",C05580
"3,4 DIHYDROXYMANDELATE_M-H+HCOONa",C05580
"3,4 DIHYDROXYMANDELATE_M-H",C05580
"3,5-DIIODO-L-TYROSINE_2M-2H+Na",C01060
"3,5-DIIODO-L-TYROSINE_M-H+HCOONa",C01060
"3,5-DIIODO-L-TYROSINE_2M+3Na -4H",C01060
"3,5-DIIODO-L-TYROSINE_M-H",C01060
"3,5-DIIODO-L-TYROSINE_M+Cl",C01060
"3,5-DIIODO-L-TYROSINE_2M-H",C01060
"3,5-DIIODO-L-TYROSINE_M+CF3COO",C01060
"3,5-DIIODO-L-TYROSINE_M-2H+Na",C01060
"3,5-DIIODO-L-THYRONINE_M-H",null
"3,5-DIIODO-L-THYRONINE_M-H + HCOOH",null
"3,5-DIIODO-L-THYRONINE_M+COOH",null
"3,5-DIIODO-L-THYRONINE_M-H+HCOONa",null
"3,4-DIHYDROXYPHENYLACETATE_M+CF3COO",C01161
"3,4-DIHYDROXYPHENYLACETATE_M-H",C01161
"3,4-DIHYDROXYPHENYLACETATE_2M-2H+Na",C01161
"3,4-DIHYDROXYPHENYLACETATE_2M-H",C01161
"3,4-DIHYDROXYPHENYLACETATE_M-2H+Na",C01161
"3,4-DIHYDROXYPHENYLACETATE_M+Cl",C01161
"3,4-DIHYDROXYPHENYLACETATE_M-H+HCOONa",C01161
"3,4-DIHYDROXYPHENYLACETATE_2M-2H+K",C01161
"3,4-DIHYDROXYPHENYLACETATE_3M-3H+2Na",C01161
6-CARBOXYHEXANOATE_M+Cl,C02656
6-CARBOXYHEXANOATE_M-H+HCOONa,C02656
6-CARBOXYHEXANOATE_M-2H+Na,C02656
6-CARBOXYHEXANOATE_M-H,C02656
6-CARBOXYHEXANOATE_2M+3Na -4H,C02656
6-CARBOXYHEXANOATE_M-2H+K,C02656
6-CARBOXYHEXANOATE_2M-2H+Na,C02656
METHYLMALONATE_M-H+HCOONa,C02170
METHYLMALONATE_2M-2H+Na,C02170
METHYLMALONATE_2M-H,C02170
METHYLMALONATE_M-H,C02170
METHYLMALONATE_2M-2H+K,C02170
METHYLMALONATE_3M-3H+2Na,C02170
N-ACETYLPROLINE_M-H+HCOONa,null
N-ACETYLPROLINE_2M-H,null
N-ACETYLPROLINE_2M-2H+Na,null
N-ACETYLPROLINE_M-H,null
2-HYDROXYPHENYLACETATE_3M-3H+2Na,C01983
2-HYDROXYPHENYLACETATE_2M-2H+K,C01983
2-HYDROXYPHENYLACETATE_M-H+HCOONa,C01983
2-HYDROXYPHENYLACETATE_M-H,C01983
2-HYDROXYPHENYLACETATE_2M-2H+Na,C01983
2-HYDROXYPHENYLACETATE_2M-H,C01983
PTERIN_M-H,null
PTERIN_M-H+HCOONa,null
PYROCATECHOL_M-3H+2Na,C00090
PYROCATECHOL_M-H,C00090
5-METHYLCYTIDINE_M+Cl,null
5-METHYLCYTIDINE_M+COOH,null
5-METHYLCYTIDINE_M-H,null
5-METHYLCYTIDINE_M-H + HCOOH,null
5-METHYLCYTIDINE_2M+HCOO,null
5-METHYLCYTIDINE_M+CF3COO,null
5-METHYLCYTIDINE_M+e,null
FERULATE_M-H,C01494
N-ACETYL CARNOSINE_M+CF3COO,null
N-ACETYL CARNOSINE_M-H+HCOONa,null
N-ACETYL CARNOSINE_M+Cl,null
N-ACETYL CARNOSINE_M+e,null
N-ACETYL CARNOSINE_2M-2H+Na,null
N-ACETYL CARNOSINE_2M-H,null
N-ACETYL CARNOSINE_M-H,null
BETA-GLYCEROPHOSPHATE_2M-2H+Na,C02979
BETA-GLYCEROPHOSPHATE_2M-H,C02979
BETA-GLYCEROPHOSPHATE_3M-3H+2Na,C02979
BETA-GLYCEROPHOSPHATE_M-H+HCOONa,C02979
BETA-GLYCEROPHOSPHATE_3M-H,C02979
BETA-GLYCEROPHOSPHATE_M-H,C02979
5-METHOXYINDOLEACETATE_2M-2H+Na,C05660
5-METHOXYINDOLEACETATE_M-H+HCOONa,C05660
5-METHOXYINDOLEACETATE_M+COOH -H2O,C05660
5-METHOXYINDOLEACETATE_3M-3H+2Na,C05660
5-METHOXYINDOLEACETATE_M-H,C05660
5-METHOXYINDOLEACETATE_M-H + HCOOH,C05660
5-METHOXYINDOLEACETATE_M+COOH,C05660
5-METHOXYINDOLEACETATE_2M-H,C05660
PYRROLE-2-CARBOXYLATE_M-H+HCOONa,C05942
PYRROLE-2-CARBOXYLATE_M+Cl,C05942
PYRROLE-2-CARBOXYLATE_M-H,C05942
ARABITOL_M+COOH -H2O,null
ARABITOL_M-H,null
ARABITOL_2M-2H+K,null
TAGATOSE_M+COOH,C00795
TAGATOSE_M+OH,C00795
TAGATOSE_M+Cl,C00795
TAGATOSE_M-H + HCOOH,C00795
TAGATOSE_M-H -H2O,C00795
TAGATOSE_M-H+H2O,C00795
TAGATOSE_M+CH3COO,C00795
TAGATOSE_M-H,C00795
MANNITOL_M-H,C00392
MANNITOL_M-H -H2O,C00392
MANNITOL_M+Cl,C00392
MANNITOL_M-H + HCOOH,C00392
MANNITOL_M+COOH,C00392
MANNITOL_M+CF3COO,C00392
DETHIOBIOTIN_M+Cl,C01909
DETHIOBIOTIN_2M-H,C01909
DETHIOBIOTIN_2M-2H+K,C01909
DETHIOBIOTIN_M-H+HCOONa,C01909
DETHIOBIOTIN_2M-2H+Na,C01909
DETHIOBIOTIN_M-H,C01909
DETHIOBIOTIN_3M-3H+2Na,C01909
DETHIOBIOTIN_M+e,C01909
DETHIOBIOTIN_M-2H+Na,C01909
DETHIOBIOTIN_M+COOH,C01909
DETHIOBIOTIN_M-H + HCOOH,C01909
3-HYDROXYPHENYLACETATE_M-H+HCOONa,C05593
3-HYDROXYPHENYLACETATE_3M-3H+2Na,C05593
3-HYDROXYPHENYLACETATE_M+COOH,C05593
3-HYDROXYPHENYLACETATE_M-2H+Na,C05593
3-HYDROXYPHENYLACETATE_M-H,C05593
3-HYDROXYPHENYLACETATE_M-H + HCOOH,C05593
3-HYDROXYPHENYLACETATE_2M-2H+K,C05593
3-HYDROXYPHENYLACETATE_2M-H,C05593
3-HYDROXYPHENYLACETATE_2M-2H+Na,C05593
HOMOVANILLATE_2M-2H+Na,C05582
HOMOVANILLATE_M-H+HCOONa,C05582
HOMOVANILLATE_2M-H,C05582
HOMOVANILLATE_M-H,C05582
OXOGLUTARATE_2M-2H+Na,C00026
OXOGLUTARATE_M-H,C00026
OXOGLUTARATE_M-H + HCOOH,C00026
OXOGLUTARATE_M+COOH,C00026
OXOGLUTARATE_M-2H+Na,C00026
OXOGLUTARATE_2M+3Na -4H,C00026
RESORCINOL MONOACETATE_2M-H,C12064
RESORCINOL MONOACETATE_M-H,C12064
SALICYLAMIDE_2M-H -H2,null
SALICYLAMIDE_M-H -H2O,null
SALICYLAMIDE_M-H,null
HYDROXYPHENYLLACTATE_M-H,C03672
HYDROXYPHENYLLACTATE_M-H+HCOONa,C03672
HYDROXYPHENYLLACTATE_2M-2H+Na,C03672
HYDROXYPHENYLLACTATE_2M-H,C03672
HYDROXYPHENYLLACTATE_M+Cl,C03672
HYDROXYPHENYLLACTATE_3M-3H+2Na,C03672
HYDROXYPHENYLLACTATE_M-H -H2O,C03672
HYDROXYPHENYLLACTATE_2M-2H+K,C03672
MYOINOSITOL_2M+COOH-H2O,C00137
MYOINOSITOL_M-H,C00137
MYOINOSITOL_2M+HCOO-H2O,C00137
MYOINOSITOL_2M+Cl -H2O,C00137
MYOINOSITOL_M+OH,C00137
MYOINOSITOL_M-H -H2O,C00137
MYOINOSITOL_M-H+H2O,C00137
MYOINOSITOL_M+Cl,C00137
L-GULONOLACTONE_M-H,C05410
L-GULONOLACTONE_M-H -H2O,C05410
L-GULONOLACTONE_M+OH,C05410
L-GULONOLACTONE_M-H+H2O,C05410
HOMOGENTISATE_M-H,C00544
HOMOGENTISATE_M-H+HCOONa,C00544
HOMOGENTISATE_M+CF3COO,C00544
4-QUINOLINECARBOXYLATE_M-H,C06414
4-QUINOLINECARBOXYLATE_2M-2H+Na,C06414
4-QUINOLINECARBOXYLATE_M-H+HCOONa,C06414
4-QUINOLINECARBOXYLATE_3M-3H+2Na,C06414
N-ACETYLSEROTONIN_M+Cl,C00978
N-ACETYLSEROTONIN_M-H + HCOOH,C00978
N-ACETYLSEROTONIN_M-H,C00978
N-ACETYLSEROTONIN_M+COOH,C00978
N-ACETYLSEROTONIN_M+COOH -H2O,C00978
"2,6-DIHYDROXYPYRIDINE_M-H",C03056
ACETOACETATE_M-H,C00164
SALSOLINOL_M+COOH,C09642
SALSOLINOL_2M-H,C09642
SALSOLINOL_M+Cl,C09642
SALSOLINOL_M-H + HCOOH,C09642
SALSOLINOL_M-H,C09642
3-HYDROXYBENZOATE_2M+3Na -4H,C00587
3-HYDROXYBENZOATE_M-H+HCOONa,C00587
3-HYDROXYBENZOATE_M-H,C00587
3-HYDROXYBENZOATE_M-H + HCOOH,C00587
3-HYDROXYBENZOATE_M+COOH,C00587
3-METHOXY-4-HYDROXYMANDELATE_2M-2H+Na,C05584
3-METHOXY-4-HYDROXYMANDELATE_2M-H,C05584
3-METHOXY-4-HYDROXYMANDELATE_M-H,C05584
3-METHOXY-4-HYDROXYMANDELATE_M-H+HCOONa,C05584
3-METHOXY-4-HYDROXYMANDELATE_3M-3H+2Na,C05584
3-METHOXY-4-HYDROXYMANDELATE_M+Cl,C05584
3-METHOXY-4-HYDROXYMANDELATE_2M-2H+K,C05584
BIOTIN_M+e,C00120
BIOTIN_M-H + HCOOH,C00120
BIOTIN_2M-2H+Na,C00120
BIOTIN_2M-H,C00120
BIOTIN_3M-3H+2Na,C00120
BIOTIN_M+Cl,C00120
BIOTIN_M+COOH,C00120
BIOTIN_M-H+HCOONa,C00120
BIOTIN_M-2H+Na,C00120
BIOTIN_M-H,C00120
SUCROSE_M-H -H2O,C00089
SUCROSE_M-H+HCOONa,C00089
SUCROSE_M+COOH,C00089
SUCROSE_M+Cl,C00089
SUCROSE_M+CF3COO,C00089
SUCROSE_2M+HCOO,C00089
SUCROSE_2M-H,C00089
SUCROSE_M-H,C00089
SUCROSE_M-H + HCOOH,C00089
"2',4'-DIHYDROXYACETOPHENONE_M-H",C03663
"2',4'-DIHYDROXYACETOPHENONE_M-H -H2O",C03663
"2',4'-DIHYDROXYACETOPHENONE_2M-H",C03663
"2',4'-DIHYDROXYACETOPHENONE_2M+HCOO",C03663
PSICOSE_M-H,C06468
PSICOSE_M-H + HCOOH,C06468
PSICOSE_M+COOH,C06468
PSICOSE_M+CH3COO,C06468
PSICOSE_M-H -H2O,C06468
PSICOSE_M-H+H2O,C06468
PSICOSE_M+OH,C06468
PSICOSE_M+Cl,C06468
SUBERATE_2M+3Na -4H,C08278
SUBERATE_M-2H+Na,C08278
SUBERATE_2M-H,C08278
SUBERATE_M-H,C08278
SUBERATE_M-H+HCOONa,C08278
SUBERATE_M-2H+K,C08278
SUBERATE_M+Cl,C08278
SUBERATE_2M-2H+Na,C08278
SUBERATE_2M-2H+K,C08278
2-METHYLGLUTARATE_M-H,null
2-METHYLGLUTARATE_3M-3H+2Na,null
2-METHYLGLUTARATE_M-2H+Na,null
2-METHYLGLUTARATE_2M+3Na -4H,null
2-METHYLGLUTARATE_M-H -H2O,null
2-METHYLGLUTARATE_2M-2H+K,null
2-METHYLGLUTARATE_2M-2H+Na,null
2-METHYLGLUTARATE_M-H+HCOONa,null
MANNOSE_M+Cl,C00159
MANNOSE_M+OH,C00159
MANNOSE_M+COOH,C00159
MANNOSE_M-H+H2O,C00159
MANNOSE_M+CF3COO,C00159
MANNOSE_M-H,C00159
MANNOSE_M-H + HCOOH,C00159
MANNOSE_M-H -H2O,C00159
PYRIDOXAL_M-H+HCOONa,C00250
PYRIDOXAL_M-H,C00250
PYRIDOXAL_M+CF3COO,C00250
PYRIDOXAL_M+Cl,C00250
CELLOBIOSE_M+COOH,C06422
CELLOBIOSE_2M-2H+Na,C06422
CELLOBIOSE_M-H,C06422
CELLOBIOSE_2M-H,C06422
CELLOBIOSE_2M+Cl,C06422
CELLOBIOSE_2M+HCOO,C06422
CELLOBIOSE_M+CF3COO,C06422
CELLOBIOSE_M-H + HCOOH,C06422
CELLOBIOSE_M-H -H2O,C06422
CELLOBIOSE_M+Cl,C06422
CELLOBIOSE_M-H+HCOONa,C06422
5-HYDROXYINDOLEACETATE_2M-2H+Na,C05635
5-HYDROXYINDOLEACETATE_2M-H,C05635
5-HYDROXYINDOLEACETATE_M+COOH,C05635
5-HYDROXYINDOLEACETATE_M-H,C05635
5-HYDROXYINDOLEACETATE_3M-3H+2Na,C05635
5-HYDROXYINDOLEACETATE_M-H+HCOONa,C05635
5-HYDROXYINDOLEACETATE_M-H + HCOOH,C05635
2-METHYLMALEATE_M-H,C02226
VANILLIN_M-H,C00755
OXOADIPATE_M-2H+Na,C00322
OXOADIPATE_2M-2H+Na,C00322
OXOADIPATE_M-H + HCOOH,C00322
OXOADIPATE_M-H,C00322
OXOADIPATE_M-H+HCOONa,C00322
OXOADIPATE_M+COOH,C00322
ARABINOSE_M+COOH -H2O,C00216
ARABINOSE_2M-H -H2,C00216
ARABINOSE_M-H,C00216
ARABINOSE_M-H + HCOOH,C00216
ARABINOSE_M+COOH,C00216
ITACONATE_2M+3Na -4H,C00490
ITACONATE_2M+CH3COO,C00490
ITACONATE_2M-2H+K,C00490
ITACONATE_M-H + HCOOH,C00490
ITACONATE_2M-2H+Na,C00490
ITACONATE_M+COOH,C00490
ITACONATE_3M-3H+2Na,C00490
ITACONATE_M-2H+Na,C00490
ITACONATE_M-H,C00490
ITACONATE_M-H+HCOONa,C00490
MEVALONATE_M-H+HCOONa,C00418
MEVALONATE_2M-2H+K,C00418
MEVALONATE_2M-H,C00418
MEVALONATE_M+CF3COO,C00418
MEVALONATE_2M-2H+Na,C00418
MEVALONATE_3M-3H+2Na,C00418
MEVALONATE_M-H -H2O,C00418
MEVALONATE_M+Cl,C00418
MEVALONATE_M-H,C00418
ARABINOSE_M+CF3COO,C00216
ARABINOSE_M+COOH -H2O,C00216
ARABINOSE_M+Cl,C00216
ARABINOSE_M-H -H2O,C00216
ARABINOSE_M-H,C00216
ARABINOSE_M-H + HCOOH,C00216
ARABINOSE_M+COOH,C00216
SORBITOL_M-H,C00749
SORBITOL_M+COOH,C00749
SORBITOL_M+Cl,C00749
SORBITOL_M-H + HCOOH,C00749
3-METHYLGLUTACONATE_M-2H+K,null
3-METHYLGLUTACONATE_M-H,null
INDOLEACETALDEHYDE_M-H,C00637
MYOINOSITOL_M+COOH,C00137
MYOINOSITOL_M-H,C00137
MYOINOSITOL_M-H + HCOOH,C00137
MYOINOSITOL_M+OH,C00137
MYOINOSITOL_M-H -H2O,C00137
MYOINOSITOL_M-H+H2O,C00137
MYOINOSITOL_M+CF3COO,C00137
MYOINOSITOL_M+Cl,C00137
AZELATE_M+Cl,C08261
AZELATE_2M+3Na -4H,C08261
AZELATE_2M-2H+Na,C08261
AZELATE_M-2H+Na,C08261
AZELATE_M-H,C08261
AZELATE_2M-H,C08261
AZELATE_2M-2H+K,C08261
AZELATE_M-2H+K,C08261
XYLITOL_M+COOH -H2O,C00379
XYLITOL_M+Cl,C00379
XYLITOL_M-H,C00379
XYLITOL_M-H + HCOOH,C00379
XYLITOL_M-H+HCOONa,C00379
XYLITOL_M+COOH,C00379
N-ACETYLLEUCINE_2M-H,C02710
N-ACETYLLEUCINE_M-H,C02710
N-ACETYLLEUCINE_M-H+HCOONa,C02710
N-ACETYLLEUCINE_3M-3H+2Na,C02710
N-ACETYLLEUCINE_2M-2H+Na,C02710
N-ACETYLLEUCINE_M+Cl,C02710
N-ACETYLLEUCINE_2M-2H+K,C02710
4-METHYLCATECHOL_M-H,C06730
4-METHYLCATECHOL_M-3H+2Na,C06730
ADIPATE_2M-2H+Na,C06104
ADIPATE_M-2H+K,C06104
ADIPATE_M-2H+Na,C06104
ADIPATE_2M-2H+K,C06104
ADIPATE_M-H,C06104
ADIPATE_M-H -H2O,C06104
ADIPATE_M-H+HCOONa,C06104
SEBACATE_2M+3Na -4H,C08277
SEBACATE_M+Cl,C08277
SEBACATE_M-2H+Na,C08277
SEBACATE_M-H -H2O,C08277
SEBACATE_2M-2H+Na,C08277
SEBACATE_2M-H,C08277
SEBACATE_M-2H+K,C08277
SEBACATE_2M-2H+K,C08277
SEBACATE_M-H,C08277
CHENODEOXYCHOLATE_2M-2H+Na,C02528
CHENODEOXYCHOLATE_M+Cl,C02528
CHENODEOXYCHOLATE_M-H+HCOONa,C02528
CHENODEOXYCHOLATE_M+COOH,C02528
CHENODEOXYCHOLATE_2M-2H+K,C02528
CHENODEOXYCHOLATE_M-H + HCOOH,C02528
CHENODEOXYCHOLATE_M-H,C02528
CHENODEOXYCHOLATE_2M-H,C02528
4-COUMARATE_M-2H+Na,C00811
4-COUMARATE_M-H,C00811
4-COUMARATE_M-H+HCOONa,C00811
4-COUMARATE_3M-3H+2Na,C00811
4-COUMARATE_2M-2H+K,C00811
4-COUMARATE_2M-2H+Na,C00811
EICOSAPENTAENOATE_M+e,C06428
EICOSAPENTAENOATE_M-H,C06428
LITHOCHOLATE_M-H + HCOOH,C03990
LITHOCHOLATE_M+COOH,C03990
LITHOCHOLATE_M-H,C03990
LITHOCHOLATE_M-H+HCOONa,C03990
LITHOCHOLATE_2M-2H+Na,C03990
LITHOCHOLATE_2M-H,C03990
LITHOCHOLATE_M+Cl,C03990
CHOLATE_M+COOH,C00695
CHOLATE_M+Cl,C00695
CHOLATE_M-H + HCOOH,C00695
CHOLATE_M-H+HCOONa,C00695
CHOLATE_2M+Cl,C00695
CHOLATE_2M-H,C00695
CHOLATE_2M-2H+Na,C00695
CHOLATE_M-H,C00695
CHOLATE_2M-2H+K,C00695
CHOLATE_M+CF3COO,C00695
LITHOCHOLYLTAURINE_M-H,C02592
LITHOCHOLYLTAURINE_2M-2H+Na,C02592
LITHOCHOLYLTAURINE_M-H+HCOONa,C02592
LITHOCHOLYLTAURINE_2M-H,C02592
DOCOSAHEXAENOATE_M-H+HCOONa,C06429
DOCOSAHEXAENOATE_M-H,C06429
URSODEOXYCHOLATE_2M-2H+Na,C07880
URSODEOXYCHOLATE_2M-H,C07880
URSODEOXYCHOLATE_M-H + HCOOH,C07880
URSODEOXYCHOLATE_2M-2H+K,C07880
URSODEOXYCHOLATE_M+COOH,C07880
URSODEOXYCHOLATE_M-H,C07880
URSODEOXYCHOLATE_M+Cl,C07880
URSODEOXYCHOLATE_M-H+HCOONa,C07880
THYROXINE_M+Cl,C01829
THYROXINE_M+COOH,C01829
THYROXINE_M-H,C01829
THYROXINE_M-H + HCOOH,C01829
THYROXINE_M-2H+Na,C01829
THYROXINE_M-H+HCOONa,C01829
1-HYDROXY-2-NAPHTHOATE_2M-H -H2,C03203
1-HYDROXY-2-NAPHTHOATE_2M-2H+K,C03203
1-HYDROXY-2-NAPHTHOATE_3M-3H+2Na,C03203
1-HYDROXY-2-NAPHTHOATE_2M-2H+Na,C03203
1-HYDROXY-2-NAPHTHOATE_M-H,C03203
1-HYDROXY-2-NAPHTHOATE_M-H+HCOONa,C03203
"5,6 DIMETHYLBENZIMIDAZOLE_M-H",C03114
BIS(2-ETHYLHEXYL)PHTHALATE_M+e,C03690
BIS(2-ETHYLHEXYL)PHTHALATE_M-H,C03690
PHENYLPYRUVATE_M+COOH,C00166
PHENYLPYRUVATE_M-H,C00166
PHENYLPYRUVATE_M-H + HCOOH,C00166
KETOLEUCINE_M-H,C00233
KETOLEUCINE_M-H+HCOONa,C00233
DEOXYCHOLATE_2M-2H+Na,C04483
DEOXYCHOLATE_M+Cl,C04483
DEOXYCHOLATE_M-H+HCOONa,C04483
DEOXYCHOLATE_M+CF3COO,C04483
DEOXYCHOLATE_M-H,C04483
DEOXYCHOLATE_M+COOH,C04483
DEOXYCHOLATE_M-H + HCOOH,C04483
DEOXYCHOLATE_2M-2H+K,C04483
DEOXYCHOLATE_2M-H,C04483
TRANS-CINNAMATE_M-H,C00423
TRANS-CINNAMATE_2M-H,C00423
LIOTHYRONINE_M-H + HCOOH,C02465
LIOTHYRONINE_M+Cl,C02465
LIOTHYRONINE_M-H+HCOONa,C02465
LIOTHYRONINE_M-H,C02465
LIOTHYRONINE_M+CF3COO,C02465
LIOTHYRONINE_M+COOH,C02465
LIOTHYRONINE_M-2H+K,C02465
OMEGA-HYDROXYDODECANOATE_2M-2H+Na,C08317
OMEGA-HYDROXYDODECANOATE_M+Cl,C08317
OMEGA-HYDROXYDODECANOATE_M+COOH,C08317
OMEGA-HYDROXYDODECANOATE_M-H+HCOONa,C08317
OMEGA-HYDROXYDODECANOATE_M-H,C08317
OMEGA-HYDROXYDODECANOATE_M-H + HCOOH,C08317
OMEGA-HYDROXYDODECANOATE_2M-H,C08317
ROSMARINATE_2M-2H+K,C01850
ROSMARINATE_M+COOH,C01850
ROSMARINATE_M-2H+Na,C01850
ROSMARINATE_2M-2H+Na,C01850
ROSMARINATE_2M-H,C01850
ROSMARINATE_M+CF3COO,C01850
ROSMARINATE_M-H + HCOOH,C01850
ROSMARINATE_M+Cl,C01850
ROSMARINATE_M-H,C01850
ROSMARINATE_M-H+HCOONa,C01850